ONTOLOGY,ID,Description,GeneRatio,BgRatio,pvalue,p.adjust,qvalue,geneID,Count
MF,GO:0003735,structural constituent of ribosome,40/380,134/13251,5.17E-30,2.28E-27,1.99E-27,evm.model.tig082700000296.33/evm.model.tig082700000127.160/evm.model.tig082700000127.77/evm.model.tig082700000221.39/evm.model.tig082700000153.307/evm.model.tig082700000120.214/evm.model.tig082700000155.26/evm.model.tig082700000071.192/evm.model.tig082700000125.264/evm.model.tig082700000174.196/evm.model.tig082700000071.474/evm.model.tig082700000377.53/evm.model.tig082700000020.606/evm.model.tig082700000139.164/evm.model.tig082700000075.17/evm.model.tig082700000174.33/evm.model.tig082700000106.49/evm.model.tig082700000156.36/evm.model.tig082700000208.12/evm.model.tig082700000310.24/evm.model.tig082700000353.28/evm.model.tig082700000419.15/evm.model.tig082700000283.64/evm.model.tig082700000106.66/evm.model.tig082700000208.41/evm.model.tig082700000287.11/evm.model.tig082700000113.167/evm.model.tig082700000426.5/evm.model.tig082700000253.17/evm.model.tig082700000426.10/evm.model.tig082700031372.31/evm.model.tig082700000353.24/evm.model.tig082700000106.385/evm.model.tig082700000215.85/evm.model.tig082700000156.39/evm.model.tig082700000215.41/evm.model.tig082700000127.78/evm.model.tig082700000128.206/evm.model.tig082700000444.1/evm.model.tig082700000113.305,40
CC,GO:0005840,ribosome,44/380,186/13251,3.21E-28,7.08E-26,6.17E-26,evm.model.tig082700000296.33/evm.model.tig082700000127.160/evm.model.tig082700000127.77/evm.model.tig082700000221.39/evm.model.tig082700000153.307/evm.model.tig082700000120.214/evm.model.tig082700000155.26/evm.model.tig082700000132.120/evm.model.tig082700000071.192/evm.model.tig082700000125.264/evm.model.tig082700000174.196/evm.model.tig082700000071.474/evm.model.tig082700000377.53/evm.model.tig082700000020.606/evm.model.tig082700000139.164/evm.model.tig082700000075.17/evm.model.tig082700000210.74/evm.model.tig082700000174.33/evm.model.tig082700000106.49/evm.model.tig082700000111.394/evm.model.tig082700000156.36/evm.model.tig082700000208.12/evm.model.tig082700000310.24/evm.model.tig082700000353.28/evm.model.tig082700000419.15/evm.model.tig082700000283.64/evm.model.tig082700000106.66/evm.model.tig082700000208.41/evm.model.tig082700000287.11/evm.model.tig082700000113.167/evm.model.tig082700000426.5/evm.model.tig082700000253.17/evm.model.tig082700000426.10/evm.model.tig082700031372.31/evm.model.tig082700000353.24/evm.model.tig082700000106.385/evm.model.tig082700000215.85/evm.model.tig082700000156.39/evm.model.tig082700000160.19/evm.model.tig082700000215.41/evm.model.tig082700000127.78/evm.model.tig082700000128.206/evm.model.tig082700000444.1/evm.model.tig082700000113.305,44
BP,GO:0006412,translation,47/380,235/13251,1.20E-26,1.77E-24,1.54E-24,evm.model.tig082700000296.33/evm.model.tig082700000127.160/evm.model.tig082700000127.77/evm.model.tig082700000221.39/evm.model.tig082700000153.307/evm.model.tig082700000120.214/evm.model.tig082700000155.26/evm.model.tig082700000132.120/evm.model.tig082700000075.117/evm.model.tig082700000071.192/evm.model.tig082700000258.86/evm.model.tig082700000125.264/evm.model.tig082700000174.196/evm.model.tig082700000071.474/evm.model.tig082700000377.53/evm.model.tig082700000020.606/evm.model.tig082700000139.164/evm.model.tig082700000075.17/evm.model.tig082700000174.33/evm.model.tig082700000106.49/evm.model.tig082700000156.36/evm.model.tig082700000310.24/evm.model.tig082700000419.15/evm.model.tig082700000153.24/evm.model.tig082700000208.41/evm.model.tig082700000287.11/evm.model.tig082700000113.167/evm.model.tig082700000426.5/evm.model.tig082700000253.17/evm.model.tig082700000426.10/evm.model.tig082700000075.28/evm.model.tig082700000122.341/evm.model.tig082700000353.24/evm.model.tig082700000106.385/evm.model.tig082700000215.85/evm.model.tig082700000156.39/evm.model.tig082700000160.19/evm.model.tig082700000208.31/evm.model.tig082700000215.41/evm.model.tig082700000128.68/evm.model.tig082700000127.78/evm.model.tig082700000075.393/evm.model.tig082700000196.40/evm.model.tig082700000128.206/evm.model.tig082700000444.1/evm.model.tig082700000196.36/evm.model.tig082700000113.305,47
CC,GO:0022625,cytosolic large ribosomal subunit,17/380,40/13251,2.05E-16,2.25E-14,1.96E-14,evm.model.tig082700000120.214/evm.model.tig082700000125.264/evm.model.tig082700000377.53/evm.model.tig082700000020.606/evm.model.tig082700000174.33/evm.model.tig082700000106.49/evm.model.tig082700000156.36/evm.model.tig082700000208.12/evm.model.tig082700000353.28/evm.model.tig082700000419.15/evm.model.tig082700000283.64/evm.model.tig082700000106.66/evm.model.tig082700000113.167/evm.model.tig082700000426.5/evm.model.tig082700000253.17/evm.model.tig082700000215.85/evm.model.tig082700000156.39,17
CC,GO:0022627,cytosolic small ribosomal subunit,15/380,33/13251,3.60E-15,3.17E-13,2.76E-13,evm.model.tig082700000296.33/evm.model.tig082700000127.160/evm.model.tig082700000155.26/evm.model.tig082700000071.192/evm.model.tig082700000174.196/evm.model.tig082700000071.474/evm.model.tig082700000139.164/evm.model.tig082700000310.24/evm.model.tig082700031372.31/evm.model.tig082700000353.24/evm.model.tig082700000106.385/evm.model.tig082700000215.41/evm.model.tig082700000128.68/evm.model.tig082700000127.78/evm.model.tig082700000128.206,15
MF,GO:0003723,RNA binding,37/380,440/13251,4.25E-09,0.000000313,0.000000272,evm.model.tig082700000279.64/evm.model.tig082700000180.181/evm.model.tig082700000296.33/evm.model.tig082700000127.160/evm.model.tig082700000221.39/evm.model.tig082700000120.214/evm.model.tig082700000132.120/evm.model.tig082700000127.154/evm.model.tig082700000125.264/evm.model.tig082700000187.92/evm.model.tig082700000020.606/evm.model.tig082700000106.49/evm.model.tig082700000156.36/evm.model.tig082700000153.37/evm.model.tig082700000310.24/evm.model.tig082700000283.64/evm.model.tig082700000020.624/evm.model.tig082700000328.18/evm.model.tig082700000113.167/evm.model.tig082700000016.906/evm.model.tig082700000426.10/evm.model.tig082700000075.28/evm.model.tig082700000310.32/evm.model.tig082700002115.34/evm.model.tig082700000071.49/evm.model.tig082700000180.178/evm.model.tig082700000349.37/evm.model.tig082700000305.12/evm.model.tig082700000310.5/evm.model.tig082700000127.78/evm.model.tig082700000132.121/evm.model.tig082700000444.1/evm.model.tig082700000016.853/evm.model.tig082700000071.48/evm.model.tig082700000497.4/evm.model.tig082700000272.31/evm.model.tig082700000178.191,37
BP,GO:0006457,protein folding,17/380,120/13251,5.38E-08,0.00000339,0.00000295,evm.model.tig082700031372.165/evm.model.tig082700000210.74/evm.model.tig082700000111.394/evm.model.tig082700000195.87/evm.model.tig082700000127.40/evm.model.tig082700000259.38/evm.model.tig082700000132.333/evm.model.tig082700000132.57/evm.model.tig082700000139.231/evm.model.tig082700000259.119/evm.model.tig082700031385.8/evm.model.tig082700000016.67/evm.model.tig082700000116.234/evm.model.tig082700000175.96/evm.model.tig082700000227.57/evm.model.tig082700000127.41/evm.model.tig082700000151.259,17
BP,GO:0002181,cytoplasmic translation,8/380,21/13251,6.24E-08,0.00000344,0.000003,evm.model.tig082700000377.53/evm.model.tig082700000139.164/evm.model.tig082700000106.49/evm.model.tig082700000208.12/evm.model.tig082700000353.28/evm.model.tig082700000106.66/evm.model.tig082700000113.167/evm.model.tig082700000426.5,8
MF,GO:0051082,unfolded protein binding,13/380,76/13251,0.000000215,0.0000105,0.00000918,evm.model.tig082700000210.74/evm.model.tig082700000111.394/evm.model.tig082700000113.294/evm.model.tig082700000195.87/evm.model.tig082700000127.40/evm.model.tig082700000223.17/evm.model.tig082700000132.333/evm.model.tig082700000132.57/evm.model.tig082700000259.119/evm.model.tig082700031385.8/evm.model.tig082700000175.96/evm.model.tig082700000227.57/evm.model.tig082700000127.41,13
CC,GO:0015935,small ribosomal subunit,7/380,22/13251,0.00000177,0.0000782,0.0000682,evm.model.tig082700000296.33/evm.model.tig082700000221.39/evm.model.tig082700000139.164/evm.model.tig082700000310.24/evm.model.tig082700000426.10/evm.model.tig082700000127.78/evm.model.tig082700000444.1,7
CC,GO:0005829,cytosol,31/380,428/13251,0.00000212,0.0000849,0.0000739,evm.model.tig082700000136.101/evm.model.tig082700000221.39/evm.model.tig082700000071.192/evm.model.tig082700000381.16/evm.model.tig082700000020.606/evm.model.tig082700000174.33/evm.model.tig082700000106.49/evm.model.tig082700000111.394/evm.model.tig082700000419.15/evm.model.tig082700000153.24/evm.model.tig082700000208.41/evm.model.tig082700000426.5/evm.model.tig082700000016.906/evm.model.tig082700000253.17/evm.model.tig082700000127.112/evm.model.tig082700000426.10/evm.model.tig082700000075.28/evm.model.tig082700000616.9/evm.model.tig082700000322.59/evm.model.tig082700000259.119/evm.model.tig082700000223.64/evm.model.tig082700000016.703/evm.model.tig082700000287.19/evm.model.tig082700000149.30/evm.model.tig082700000120.45/evm.model.tig082700000127.41/evm.model.tig082700000127.78/evm.model.tig082700000075.393/evm.model.tig082700000128.249/evm.model.tig082700000075.60/evm.model.tig082700000196.36,31
MF,GO:0003729,mRNA binding,12/380,85/13251,0.00000518,0.000190432,0.000165909,evm.model.tig082700000296.33/evm.model.tig082700000020.606/evm.model.tig082700000328.18/evm.model.tig082700000253.17/evm.model.tig082700000075.28/evm.model.tig082700000287.41/evm.model.tig082700002115.34/evm.model.tig082700000349.37/evm.model.tig082700000305.12/evm.model.tig082700000128.68/evm.model.tig082700000128.206/evm.model.tig082700000016.853,12
MF,GO:0019843,rRNA binding,8/380,39/13251,0.000012,0.000393762,0.000343056,evm.model.tig082700000296.33/evm.model.tig082700000127.160/evm.model.tig082700000120.214/evm.model.tig082700000377.53/evm.model.tig082700000020.606/evm.model.tig082700000310.24/evm.model.tig082700000113.167/evm.model.tig082700000113.305,8
BP,GO:0006414,translational elongation,9/380,51/13251,0.0000125,0.000393762,0.000343056,evm.model.tig082700000122.3/evm.model.tig082700000132.120/evm.model.tig082700000075.117/evm.model.tig082700000258.86/evm.model.tig082700000208.12/evm.model.tig082700000353.28/evm.model.tig082700000153.24/evm.model.tig082700000122.341/evm.model.tig082700000215.85,9
BP,GO:0000028,ribosomal small subunit assembly,4/380,10/13251,0.000121889,0.003583533,0.003122066,evm.model.tig082700000296.33/evm.model.tig082700000139.164/evm.model.tig082700000106.385/evm.model.tig082700000128.206,4
CC,GO:0000786,nucleosome,5/380,19/13251,0.000157573,0.004343119,0.003783837,evm.model.tig082700000128.51/evm.model.tig082700000151.129/evm.model.tig082700000132.201/evm.model.tig082700000151.130/evm.model.tig082700000075.324,5
BP,GO:0000398,"mRNA splicing, via spliceosome",10/380,88/13251,0.000205912,0.005341594,0.004653734,evm.model.tig082700000180.181/evm.model.tig082700002117.359/evm.model.tig082700000310.32/evm.model.tig082700002115.34/evm.model.tig082700000180.178/evm.model.tig082700000305.12/evm.model.tig082700000310.5/evm.model.tig082700000136.130/evm.model.tig082700000497.4/evm.model.tig082700000178.191,10
BP,GO:0022900,electron transport chain,5/380,21/13251,0.000263016,0.006443885,0.005614078,evm.model.tig082700000427.5/evm.model.tig082700000287.13/evm.model.tig082700000127.97/evm.model.tig082700000140.131/evm.model.tig082700000106.123,5
BP,GO:0042254,ribosome biogenesis,8/380,65/13251,0.000514121,0.010630975,0.009261979,evm.model.tig082700000106.66/evm.model.tig082700000184.65/evm.model.tig082700000227.118/evm.model.tig082700000156.39/evm.model.tig082700000195.145/evm.model.tig082700000128.206/evm.model.tig082700000016.853/evm.model.tig082700000113.305,8
BP,GO:0006635,fatty acid beta-oxidation,4/380,14/13251,0.000530343,0.010630975,0.009261979,evm.model.tig082700000279.44/evm.model.tig082700000353.42/evm.model.tig082700000246.27/evm.model.tig082700000175.168,4
CC,GO:0015934,large ribosomal subunit,4/380,14/13251,0.000530343,0.010630975,0.009261979,evm.model.tig082700000125.264/evm.model.tig082700000106.49/evm.model.tig082700000113.167/evm.model.tig082700000253.17,4
CC,GO:0070469,respirasome,4/380,14/13251,0.000530343,0.010630975,0.009261979,evm.model.tig082700000427.5/evm.model.tig082700000127.97/evm.model.tig082700000140.131/evm.model.tig082700000106.123,4
CC,GO:0005681,spliceosomal complex,7/380,58/13251,0.001287821,0.024692571,0.021512802,evm.model.tig082700000180.181/evm.model.tig082700002117.359/evm.model.tig082700000310.32/evm.model.tig082700000287.41/evm.model.tig082700000180.178/evm.model.tig082700000310.5/evm.model.tig082700000178.191,7
BP,GO:0000027,ribosomal large subunit assembly,4/380,18/13251,0.001480392,0.027202194,0.02369925,evm.model.tig082700000120.214/evm.model.tig082700000020.606/evm.model.tig082700000106.66/evm.model.tig082700000113.305,4
MF,GO:0016874,ligase activity,19/380,311/13251,0.001628525,0.028727189,0.025027865,evm.model.tig082700000122.3/evm.model.tig082700000175.207/evm.model.tig082700000075.314/evm.model.tig082700000292.69/evm.model.tig082700000136.294/evm.model.tig082700000075.34/evm.model.tig082700000122.178/evm.model.tig082700000140.246/evm.model.tig082700000160.19/evm.model.tig082700000383.33/evm.model.tig082700000208.31/evm.model.tig082700000075.393/evm.model.tig082700000122.302/evm.model.tig082700000240.32/evm.model.tig082700000132.121/evm.model.tig082700000075.60/evm.model.tig082700000071.48/evm.model.tig082700000270.52/evm.model.tig082700000351.29,19
MF,GO:0046982,protein heterodimerization activity,5/380,31/13251,0.001735391,0.02943491,0.025644449,evm.model.tig082700000128.51/evm.model.tig082700000151.129/evm.model.tig082700000132.201/evm.model.tig082700000151.130/evm.model.tig082700000075.324,5
MF,GO:0003746,translation elongation factor activity,6/380,48/13251,0.002371249,0.03551888,0.030944961,evm.model.tig082700000122.3/evm.model.tig082700000132.120/evm.model.tig082700000075.117/evm.model.tig082700000258.86/evm.model.tig082700000153.24/evm.model.tig082700000122.341,6
MF,GO:0017070,U6 snRNA binding,3/380,10/13251,0.00241625,0.03551888,0.030944961,evm.model.tig082700000180.181/evm.model.tig082700000020.624/evm.model.tig082700000180.178,3
BP,GO:0070212,protein poly-ADP-ribosylation,3/380,10/13251,0.00241625,0.03551888,0.030944961,evm.model.tig082700002117.551/evm.model.tig082700000160.160/evm.model.tig082700000127.168,3
MF,GO:1990404,NAD+-protein ADP-ribosyltransferase activity,3/380,10/13251,0.00241625,0.03551888,0.030944961,evm.model.tig082700002117.551/evm.model.tig082700000160.160/evm.model.tig082700000127.168,3
CC,GO:0005930,axoneme,6/380,50/13251,0.00292688,0.041637226,0.036275421,evm.model.tig082700000206.75/evm.model.tig082700002120.51/evm.model.tig082700000106.331/evm.model.tig082700000175.25/evm.model.tig082700000153.193/evm.model.tig082700000167.144,6
BP,GO:0003341,cilium movement,4/380,23/13251,0.003825868,0.052725246,0.045935588,evm.model.tig082700000225.1/evm.model.tig082700000136.129/evm.model.tig082700000153.193/evm.model.tig082700000167.144,4
BP,GO:0000463,"maturation of LSU-rRNA from tricistronic rRNA transcript (SSU-rRNA, 5.8S rRNA, LSU-rRNA)",3/380,12/13251,0.00424469,0.056724492,0.049419834,evm.model.tig082700000283.64/evm.model.tig082700000195.145/evm.model.tig082700000016.853,3
BP,GO:0030433,ubiquitin-dependent ERAD pathway,4/380,25/13251,0.005224644,0.067766701,0.05904009,evm.model.tig082700000322.59/evm.model.tig082700000139.132/evm.model.tig082700000208.26/evm.model.tig082700000156.102,4
CC,GO:0005747,mitochondrial respiratory chain complex I,3/380,13/13251,0.005401834,0.068063106,0.059298326,evm.model.tig082700000127.97/evm.model.tig082700000106.123/evm.model.tig082700000178.20,3
CC,GO:1990904,ribonucleoprotein complex,4/380,31/13251,0.011358325,0.13913948,0.121221889,evm.model.tig082700000258.86/evm.model.tig082700000020.624/evm.model.tig082700000016.906/evm.model.tig082700000113.194,4
CC,GO:0030687,"preribosome, large subunit precursor",3/380,18/13251,0.013862249,0.165223021,0.14394654,evm.model.tig082700000195.145/evm.model.tig082700000016.853/evm.model.tig082700000113.305,3
CC,GO:0005743,mitochondrial inner membrane,8/380,111/13251,0.014477829,0.168019019,0.146382485,evm.model.tig082700000287.13/evm.model.tig082700000096.32/evm.model.tig082700031374.39/evm.model.tig082700000127.97/evm.model.tig082700000140.131/evm.model.tig082700000310.32/evm.model.tig082700000106.123/evm.model.tig082700000178.20,8
CC,GO:0043229,intracellular organelle,5/380,51/13251,0.015060843,0.170303373,0.148372673,evm.model.tig082700000172.131/evm.model.tig082700000287.69/evm.model.tig082700000122.8/evm.model.tig082700000128.206/evm.model.tig082700000178.11,5
MF,GO:0003677,DNA binding,19/380,386/13251,0.015785491,0.173363622,0.15103884,evm.model.tig082700000180.181/evm.model.tig082700000132.240/evm.model.tig082700000128.51/evm.model.tig082700000149.67/evm.model.tig082700000151.129/evm.model.tig082700000132.201/evm.model.tig082700000151.130/evm.model.tig082700000172.131/evm.model.tig082700000446.12/evm.model.tig082700000075.324/evm.model.tig082700000180.178/evm.model.tig082700000106.438/evm.model.tig082700000162.182/evm.model.tig082700000367.32/evm.model.tig082700000196.40/evm.model.tig082700000210.86/evm.model.tig082700000016.819/evm.model.tig082700000071.80/evm.model.tig082700000296.56,19
BP,GO:0051085,chaperone cofactor-dependent protein refolding,3/380,19/13251,0.016117706,0.173363622,0.15103884,evm.model.tig082700000113.294/evm.model.tig082700000132.57/evm.model.tig082700031385.8,3
CC,GO:0005758,mitochondrial intermembrane space,3/380,20/13251,0.01856669,0.17799805,0.155076473,evm.model.tig082700000427.5/evm.model.tig082700000253.54/evm.model.tig082700000111.292,3
BP,GO:0006471,protein ADP-ribosylation,3/380,20/13251,0.01856669,0.17799805,0.155076473,evm.model.tig082700002117.551/evm.model.tig082700000160.160/evm.model.tig082700000127.168,3
CC,GO:0032991,protein-containing complex,3/380,20/13251,0.01856669,0.17799805,0.155076473,evm.model.tig082700000111.394/evm.model.tig082700000075.60/evm.model.tig082700000440.2,3
BP,GO:0042026,protein refolding,3/380,20/13251,0.01856669,0.17799805,0.155076473,evm.model.tig082700000113.294/evm.model.tig082700031385.8/evm.model.tig082700000016.67,3
MF,GO:0051015,actin filament binding,3/380,20/13251,0.01856669,0.17799805,0.155076473,evm.model.tig082700000372.4/evm.model.tig082700000251.8/evm.model.tig082700000156.203,3
MF,GO:0051539,"4 iron, 4 sulfur cluster binding",4/380,37/13251,0.020855734,0.192496023,0.167707479,evm.model.tig082700000180.181/evm.model.tig082700000127.112/evm.model.tig082700000180.178/evm.model.tig082700000106.123,4
MF,GO:0046961,"proton-transporting ATPase activity, rotational mechanism",3/380,21/13251,0.021210249,0.192496023,0.167707479,evm.model.tig082700000238.50/evm.model.tig082700000122.333/evm.model.tig082700000331.12,3
CC,GO:0000502,proteasome complex,5/380,56/13251,0.021824946,0.192496023,0.167707479,evm.model.tig082700000132.75/evm.model.tig082700000208.26/evm.model.tig082700000149.30/evm.model.tig082700000106.405/evm.model.tig082700000322.41,5
BP,GO:1902600,proton transmembrane transport,5/380,56/13251,0.021824946,0.192496023,0.167707479,evm.model.tig082700000238.50/evm.model.tig082700000151.102/evm.model.tig082700000122.333/evm.model.tig082700000140.131/evm.model.tig082700000331.12,5
BP,GO:0006099,tricarboxylic acid cycle,3/380,22/13251,0.024048817,0.203952471,0.177688631,evm.model.tig082700000136.294/evm.model.tig082700000187.56/evm.model.tig082700000127.112,3
BP,GO:0042273,ribosomal large subunit biogenesis,3/380,22/13251,0.024048817,0.203952471,0.177688631,evm.model.tig082700000106.49/evm.model.tig082700000426.5/evm.model.tig082700000016.853,3
CC,GO:0005694,chromosome,5/380,58/13251,0.025004546,0.208056696,0.181264337,evm.model.tig082700000128.51/evm.model.tig082700000132.201/evm.model.tig082700000151.130/evm.model.tig082700000075.324/evm.model.tig082700000075.60,5
MF,GO:0016757,glycosyltransferase activity,8/380,124/13251,0.026310858,0.212632636,0.185251014,evm.model.tig082700000120.309/evm.model.tig082700002117.551/evm.model.tig082700031375.65/evm.model.tig082700000160.160/evm.model.tig082700000127.168/evm.model.tig082700000139.173/evm.model.tig082700000140.9/evm.model.tig082700000301.1,8
MF,GO:0051536,iron-sulfur cluster binding,5/380,59/13251,0.026700004,0.212632636,0.185251014,evm.model.tig082700000180.181/evm.model.tig082700000127.112/evm.model.tig082700000140.131/evm.model.tig082700000180.178/evm.model.tig082700000106.123,5
BP,GO:0006418,tRNA aminoacylation for protein translation,4/380,40/13251,0.02700097,0.212632636,0.185251014,evm.model.tig082700000140.246/evm.model.tig082700000160.19/evm.model.tig082700000208.31/evm.model.tig082700000075.393,4
CC,GO:0110165,cellular anatomical entity,12/380,224/13251,0.028214019,0.218287408,0.190177596,evm.model.tig082700002120.51/evm.model.tig082700000120.214/evm.model.tig082700000393.17/evm.model.tig082700000310.24/evm.model.tig082700000301.10/evm.model.tig082700000223.17/evm.model.tig082700000106.167/evm.model.tig082700000075.28/evm.model.tig082700000227.7/evm.model.tig082700000289.50/evm.model.tig082700000127.78/evm.model.tig082700000175.38,12
CC,GO:0005730,nucleolus,9/380,150/13251,0.028870889,0.218409889,0.190284305,evm.model.tig082700000132.240/evm.model.tig082700002117.551/evm.model.tig082700000184.65/evm.model.tig082700000195.145/evm.model.tig082700000160.160/evm.model.tig082700000127.168/evm.model.tig082700000156.58/evm.model.tig082700000016.853/evm.model.tig082700000071.80,9
CC,GO:0043231,intracellular membrane-bounded organelle,10/380,177/13251,0.031513776,0.218409889,0.190284305,evm.model.tig082700000428.20/evm.model.tig082700000075.117/evm.model.tig082700031372.165/evm.model.tig082700000140.131/evm.model.tig082700031374.52/evm.model.tig082700000192.128/evm.model.tig082700000383.33/evm.model.tig082700000287.19/evm.model.tig082700000136.110/evm.model.tig082700000175.38,10
MF,GO:0004839,ubiquitin activating enzyme activity,2/380,10/13251,0.031696673,0.218409889,0.190284305,evm.model.tig082700000122.178/evm.model.tig082700000270.52,2
CC,GO:0005736,RNA polymerase I complex,2/380,10/13251,0.031696673,0.218409889,0.190284305,evm.model.tig082700000132.240/evm.model.tig082700000071.80,2
BP,GO:0006730,one-carbon metabolic process,2/380,10/13251,0.031696673,0.218409889,0.190284305,evm.model.tig082700000381.16/evm.model.tig082700000120.45,2
BP,GO:0034620,cellular response to unfolded protein,2/380,10/13251,0.031696673,0.218409889,0.190284305,evm.model.tig082700000113.294/evm.model.tig082700031385.8,2
BP,GO:0106074,aminoacyl-tRNA metabolism involved in translational fidelity,2/380,10/13251,0.031696673,0.218409889,0.190284305,evm.model.tig082700000208.31/evm.model.tig082700000075.393,2
BP,GO:0000447,"endonucleolytic cleavage in ITS1 to separate SSU-rRNA from 5.8S rRNA and LSU-rRNA from tricistronic rRNA transcript (SSU-rRNA, 5.8S rRNA, LSU-rRNA)",2/380,11/13251,0.038017681,0.246555842,0.214805782,evm.model.tig082700000353.24/evm.model.tig082700000156.58,2
CC,GO:0000974,Prp19 complex,2/380,11/13251,0.038017681,0.246555842,0.214805782,evm.model.tig082700002117.359/evm.model.tig082700000310.32,2
MF,GO:0008239,dipeptidyl-peptidase activity,2/380,11/13251,0.038017681,0.246555842,0.214805782,evm.model.tig082700000167.90/evm.model.tig082700000151.240,2
BP,GO:0010498,proteasomal protein catabolic process,2/380,11/13251,0.038017681,0.246555842,0.214805782,evm.model.tig082700000132.75/evm.model.tig082700000106.405,2
BP,GO:0008380,RNA splicing,4/380,45/13251,0.039418366,0.251934771,0.219492043,evm.model.tig082700000180.181/evm.model.tig082700002117.359/evm.model.tig082700000310.32/evm.model.tig082700000180.178,4
MF,GO:0003743,translation initiation factor activity,6/380,88/13251,0.040612723,0.255559329,0.222649851,evm.model.tig082700000127.160/evm.model.tig082700000132.120/evm.model.tig082700000075.28/evm.model.tig082700000096.169/evm.model.tig082700000349.37/evm.model.tig082700000128.68,6
CC,GO:0005643,nuclear pore,3/380,27/13251,0.041144472,0.255559329,0.222649851,evm.model.tig082700000292.69/evm.model.tig082700000227.7/evm.model.tig082700000106.405,3
BP,GO:0006413,translational initiation,6/380,89/13251,0.04254355,0.260579245,0.227023331,evm.model.tig082700000127.160/evm.model.tig082700000132.120/evm.model.tig082700000075.28/evm.model.tig082700000096.169/evm.model.tig082700000349.37/evm.model.tig082700000128.68,6
MF,GO:0005543,phospholipid binding,2/380,12/13251,0.044772279,0.263261001,0.229359745,evm.model.tig082700000140.36/evm.model.tig082700000301.1,2
MF,GO:0008331,high voltage-gated calcium channel activity,2/380,12/13251,0.044772279,0.263261001,0.229359745,evm.model.tig082700000127.292/evm.model.tig082700000127.291,2
BP,GO:0098703,calcium ion import across plasma membrane,2/380,12/13251,0.044772279,0.263261001,0.229359745,evm.model.tig082700000127.292/evm.model.tig082700000127.291,2
CC,GO:0031410,cytoplasmic vesicle,4/380,48/13251,0.048193436,0.275920108,0.240388685,evm.model.tig082700000075.551/evm.model.tig082700002115.33/evm.model.tig082700000149.30/evm.model.tig082700000228.17,4
CC,GO:0005789,endoplasmic reticulum membrane,9/380,167/13251,0.05139667,0.275920108,0.240388685,evm.model.tig082700000120.309/evm.model.tig082700000016.27/evm.model.tig082700031369.22/evm.model.tig082700000106.213/evm.model.tig082700000020.123/evm.model.tig082700000407.6/evm.model.tig082700000139.173/evm.model.tig082700000075.60/evm.model.tig082700000175.38,9
BP,GO:0001172,"transcription, RNA-templated",2/380,13/13251,0.051930542,0.275920108,0.240388685,evm.model.tig082700000071.49/evm.model.tig082700000071.48,2
MF,GO:0003968,RNA-directed 5'-3' RNA polymerase activity,2/380,13/13251,0.051930542,0.275920108,0.240388685,evm.model.tig082700000071.49/evm.model.tig082700000071.48,2
BP,GO:0010629,negative regulation of gene expression,2/380,13/13251,0.051930542,0.275920108,0.240388685,evm.model.tig082700000071.49/evm.model.tig082700000071.48,2
BP,GO:0045454,cell redox homeostasis,2/380,13/13251,0.051930542,0.275920108,0.240388685,evm.model.tig082700000016.703/evm.model.tig082700000195.5,2
MF,GO:0070122,isopeptidase activity,2/380,13/13251,0.051930542,0.275920108,0.240388685,evm.model.tig082700000180.181/evm.model.tig082700000180.178,2
MF,GO:0140492,metal-dependent deubiquitinase activity,2/380,13/13251,0.051930542,0.275920108,0.240388685,evm.model.tig082700000180.181/evm.model.tig082700000180.178,2
MF,GO:0003950,NAD+ ADP-ribosyltransferase activity,3/380,30/13251,0.053660697,0.278404324,0.242552997,evm.model.tig082700002117.551/evm.model.tig082700000160.160/evm.model.tig082700000127.168,3
MF,GO:0051287,NAD binding,3/380,30/13251,0.053660697,0.278404324,0.242552997,evm.model.tig082700000187.56/evm.model.tig082700000223.64/evm.model.tig082700000106.123,3
BP,GO:0043161,proteasome-mediated ubiquitin-dependent protein catabolic process,4/380,50/13251,0.054594556,0.279955805,0.243904688,evm.model.tig082700000132.75/evm.model.tig082700000208.26/evm.model.tig082700000279.59/evm.model.tig082700000149.30,4
MF,GO:0004812,aminoacyl-tRNA ligase activity,4/380,51/13251,0.057959127,0.285038889,0.248333201,evm.model.tig082700000140.246/evm.model.tig082700000160.19/evm.model.tig082700000208.31/evm.model.tig082700000075.393,4
BP,GO:0006351,"transcription, DNA-templated",4/380,51/13251,0.057959127,0.285038889,0.248333201,evm.model.tig082700000122.3/evm.model.tig082700000132.240/evm.model.tig082700000071.80/evm.model.tig082700000290.37,4
BP,GO:0006302,double-strand break repair,3/380,31/13251,0.058193094,0.285038889,0.248333201,evm.model.tig082700002117.551/evm.model.tig082700000160.160/evm.model.tig082700000127.168,3
BP,GO:0006352,"DNA-templated transcription, initiation",2/380,14/13251,0.059463895,0.285038889,0.248333201,evm.model.tig082700000128.51/evm.model.tig082700000151.130,2
MF,GO:0009055,electron transfer activity,2/380,14/13251,0.059463895,0.285038889,0.248333201,evm.model.tig082700000427.5/evm.model.tig082700000287.13,2
MF,GO:0051787,misfolded protein binding,2/380,14/13251,0.059463895,0.285038889,0.248333201,evm.model.tig082700000113.294/evm.model.tig082700031385.8,2
MF,GO:0043022,ribosome binding,3/380,32/13251,0.062899904,0.298267289,0.259858123,evm.model.tig082700000132.120/evm.model.tig082700000258.86/evm.model.tig082700000128.68,3
CC,GO:0005854,nascent polypeptide-associated complex,2/380,15/13251,0.067345064,0.306177045,0.266749305,evm.model.tig082700000377.10/evm.model.tig082700000223.17,2
BP,GO:0006334,nucleosome assembly,2/380,15/13251,0.067345064,0.306177045,0.266749305,evm.model.tig082700000075.324/evm.model.tig082700000251.20,2
BP,GO:0034976,response to endoplasmic reticulum stress,2/380,15/13251,0.067345064,0.306177045,0.266749305,evm.model.tig082700000210.74/evm.model.tig082700000075.60,2
CC,GO:0048471,perinuclear region of cytoplasm,2/380,15/13251,0.067345064,0.306177045,0.266749305,evm.model.tig082700000210.74/evm.model.tig082700000111.394,2
CC,GO:0030286,dynein complex,6/380,101/13251,0.070207644,0.315934397,0.275250161,evm.model.tig082700000283.9/evm.model.tig082700000227.7/evm.model.tig082700000225.1/evm.model.tig082700000149.260/evm.model.tig082700000127.170/evm.model.tig082700000127.248,6
MF,GO:0044183,protein folding chaperone,2/380,16/13251,0.075548023,0.333166782,0.290263457,evm.model.tig082700000113.294/evm.model.tig082700031385.8,2
BP,GO:0051028,mRNA transport,2/380,16/13251,0.075548023,0.333166782,0.290263457,evm.model.tig082700000016.906/evm.model.tig082700000106.405,2
CC,GO:0005783,endoplasmic reticulum,12/380,263/13251,0.076679545,0.334808705,0.291693943,evm.model.tig082700000120.309/evm.model.tig082700031372.165/evm.model.tig082700000210.74/evm.model.tig082700000113.194/evm.model.tig082700031369.22/evm.model.tig082700000106.213/evm.model.tig082700000127.78/evm.model.tig082700000139.173/evm.model.tig082700000075.60/evm.model.tig082700000251.72/evm.model.tig082700000175.38/evm.model.tig082700000172.79,12
MF,GO:0003684,damaged DNA binding,2/380,17/13251,0.084047945,0.35300137,0.30754386,evm.model.tig082700000428.20/evm.model.tig082700000296.56,2
CC,GO:0005891,voltage-gated calcium channel complex,2/380,17/13251,0.084047945,0.35300137,0.30754386,evm.model.tig082700000127.292/evm.model.tig082700000127.291,2
BP,GO:0010951,negative regulation of endopeptidase activity,2/380,17/13251,0.084047945,0.35300137,0.30754386,evm.model.tig082700000178.22/evm.model.tig082700000149.30,2
CC,GO:0016607,nuclear speck,2/380,17/13251,0.084047945,0.35300137,0.30754386,evm.model.tig082700002115.34/evm.model.tig082700000305.12,2
MF,GO:0008569,minus-end-directed microtubule motor activity,5/380,83/13251,0.089834629,0.373745956,0.325617076,evm.model.tig082700000283.9/evm.model.tig082700000225.1/evm.model.tig082700000149.260/evm.model.tig082700000127.170/evm.model.tig082700000127.248,5
CC,GO:0005839,proteasome core complex,2/380,18/13251,0.092821157,0.382561966,0.333297811,evm.model.tig082700000132.75/evm.model.tig082700000106.405,2
BP,GO:0006397,mRNA processing,5/380,85/13251,0.097043655,0.396261592,0.345233276,evm.model.tig082700000180.181/evm.model.tig082700000016.906/evm.model.tig082700002117.359/evm.model.tig082700000310.32/evm.model.tig082700000180.178,5
MF,GO:0003924,GTPase activity,12/380,275/13251,0.098493687,0.398492808,0.347177169,evm.model.tig082700000238.87/evm.model.tig082700000071.488/evm.model.tig082700000075.117/evm.model.tig082700000258.86/evm.model.tig082700002117.359/evm.model.tig082700000122.341/evm.model.tig082700000174.231/evm.model.tig082700000178.158/evm.model.tig082700031372.128/evm.model.tig082700000240.32/evm.model.tig082700000071.549/evm.model.tig082700002120.81,12
CC,GO:0000428,DNA-directed RNA polymerase complex,3/380,39/13251,0.100387758,0.402463649,0.350636668,evm.model.tig082700000338.10/evm.model.tig082700000132.240/evm.model.tig082700000071.80,3
CC,GO:0005686,U2 snRNP,2/380,19/13251,0.101845093,0.404627801,0.352522133,evm.model.tig082700000310.5/evm.model.tig082700000497.4,2
MF,GO:0005200,structural constituent of cytoskeleton,2/380,20/13251,0.111098249,0.429774804,0.374430847,evm.model.tig082700000071.488/evm.model.tig082700000172.118,2
MF,GO:0005245,voltage-gated calcium channel activity,2/380,20/13251,0.111098249,0.429774804,0.374430847,evm.model.tig082700000127.292/evm.model.tig082700000127.291,2
MF,GO:0051537,"2 iron, 2 sulfur cluster binding",2/380,20/13251,0.111098249,0.429774804,0.374430847,evm.model.tig082700000140.131/evm.model.tig082700031374.52,2
MF,GO:0042393,histone binding,3/380,41/13251,0.112422752,0.431116815,0.375600042,evm.model.tig082700000251.20/evm.model.tig082700000196.40/evm.model.tig082700000440.2,3
MF,GO:0003779,actin binding,3/380,42/13251,0.118636946,0.450567993,0.392546408,evm.model.tig082700000113.70/evm.model.tig082700000387.8/evm.model.tig082700000156.203,3
CC,GO:0005858,axonemal dynein complex,2/380,21/13251,0.120560143,0.450567993,0.392546408,evm.model.tig082700000225.1/evm.model.tig082700000175.25,2
BP,GO:0006417,regulation of translation,2/380,21/13251,0.120560143,0.450567993,0.392546408,evm.model.tig082700000016.906/evm.model.tig082700000128.68,2
MF,GO:0016620,"oxidoreductase activity, acting on the aldehyde or oxo group of donors, NAD or NADP as acceptor",2/380,22/13251,0.130211276,0.480865292,0.418942193,evm.model.tig082700000287.69/evm.model.tig082700000223.64,2
BP,GO:0006364,rRNA processing,6/380,120/13251,0.130847699,0.480865292,0.418942193,evm.model.tig082700000174.196/evm.model.tig082700000195.145/evm.model.tig082700000120.148/evm.model.tig082700000016.853/evm.model.tig082700000075.63/evm.model.tig082700000113.305,6
MF,GO:0005244,voltage-gated ion channel activity,2/380,23/13251,0.140033087,0.494199481,0.43055928,evm.model.tig082700000127.292/evm.model.tig082700000127.291,2
BP,GO:0006486,protein glycosylation,2/380,23/13251,0.140033087,0.494199481,0.43055928,evm.model.tig082700000120.309/evm.model.tig082700000139.173,2
BP,GO:0034765,regulation of ion transmembrane transport,2/380,23/13251,0.140033087,0.494199481,0.43055928,evm.model.tig082700000127.292/evm.model.tig082700000127.291,2
MF,GO:0051879,Hsp90 protein binding,2/380,23/13251,0.140033087,0.494199481,0.43055928,evm.model.tig082700000259.38/evm.model.tig082700000162.44,2
BP,GO:0007018,microtubule-based movement,8/380,178/13251,0.140079218,0.494199481,0.43055928,evm.model.tig082700000283.9/evm.model.tig082700000227.46/evm.model.tig082700000225.1/evm.model.tig082700000149.260/evm.model.tig082700000127.170/evm.model.tig082700000156.69/evm.model.tig082700000127.248/evm.model.tig082700000128.107,8
BP,GO:0035821,modulation of process of another organism,2/380,24/13251,0.150007921,0.518569568,0.451791126,evm.model.tig082700002117.551/evm.model.tig082700000127.41,2
MF,GO:0090729,toxin activity,2/380,24/13251,0.150007921,0.518569568,0.451791126,evm.model.tig082700002117.551/evm.model.tig082700000127.41,2
BP,GO:0000226,microtubule cytoskeleton organization,4/380,72/13251,0.151690418,0.518569568,0.451791126,evm.model.tig082700000071.488/evm.model.tig082700000116.234/evm.model.tig082700000106.185/evm.model.tig082700000240.32,4
BP,GO:0051603,proteolysis involved in cellular protein catabolic process,4/380,72/13251,0.151690418,0.518569568,0.451791126,evm.model.tig082700000301.10/evm.model.tig082700000132.75/evm.model.tig082700000167.128/evm.model.tig082700000106.405,4
CC,GO:0031514,motile cilium,6/380,126/13251,0.153962468,0.522288063,0.455030774,evm.model.tig082700000106.130/evm.model.tig082700000106.331/evm.model.tig082700000225.1/evm.model.tig082700000175.25/evm.model.tig082700000149.260/evm.model.tig082700000153.193,6
BP,GO:0044238,primary metabolic process,3/380,48/13251,0.158359688,0.53092086,0.462551889,evm.model.tig082700000127.168/evm.model.tig082700000270.52/evm.model.tig082700000071.537,3
BP,GO:0007010,cytoskeleton organization,2/380,25/13251,0.160118989,0.53092086,0.462551889,evm.model.tig082700000071.488/evm.model.tig082700000172.118,2
BP,GO:0060285,cilium-dependent cell motility,2/380,25/13251,0.160118989,0.53092086,0.462551889,evm.model.tig082700000175.25/evm.model.tig082700000153.193,2
CC,GO:0005777,peroxisome,3/380,49/13251,0.165339289,0.544139003,0.474067874,evm.model.tig082700002120.282/evm.model.tig082700000279.44/evm.model.tig082700000227.7,3
BP,GO:0031047,gene silencing by RNA,2/380,27/13251,0.180686806,0.58590354,0.510454212,evm.model.tig082700000071.49/evm.model.tig082700000071.48,2
BP,GO:0044260,cellular macromolecule metabolic process,2/380,27/13251,0.180686806,0.58590354,0.510454212,evm.model.tig082700000127.168/evm.model.tig082700000270.52,2
MF,GO:0004843,cysteine-type deubiquitinase activity,4/380,80/13251,0.196896079,0.633683576,0.552081406,evm.model.tig082700000149.30/evm.model.tig082700000122.302/evm.model.tig082700000128.249/evm.model.tig082700000212.46,4
CC,GO:0005774,vacuolar membrane,2/380,30/13251,0.21218668,0.633683576,0.552081406,evm.model.tig082700000122.333/evm.model.tig082700000331.12,2
BP,GO:0006974,cellular response to DNA damage stimulus,6/380,140/13251,0.214055308,0.633683576,0.552081406,evm.model.tig082700000446.12/evm.model.tig082700002117.359/evm.model.tig082700000122.178/evm.model.tig082700000016.7/evm.model.tig082700000075.60/evm.model.tig082700000296.56,6
MF,GO:0008234,cysteine-type peptidase activity,8/380,201/13251,0.220548989,0.633683576,0.552081406,evm.model.tig082700000160.67/evm.model.tig082700000132.21/evm.model.tig082700000167.150/evm.model.tig082700000195.84/evm.model.tig082700000149.30/evm.model.tig082700000106.185/evm.model.tig082700000128.249/evm.model.tig082700000167.128,8
MF,GO:0003899,DNA-directed 5'-3' RNA polymerase activity,2/380,31/13251,0.222806927,0.633683576,0.552081406,evm.model.tig082700000132.240/evm.model.tig082700000071.80,2
MF,GO:0004190,aspartic-type endopeptidase activity,2/380,31/13251,0.222806927,0.633683576,0.552081406,evm.model.tig082700000160.172/evm.model.tig082700000289.50,2
BP,GO:0006096,glycolytic process,2/380,31/13251,0.222806927,0.633683576,0.552081406,evm.model.tig082700000136.101/evm.model.tig082700000223.64,2
BP,GO:0006807,nitrogen compound metabolic process,2/380,31/13251,0.222806927,0.633683576,0.552081406,evm.model.tig082700000075.34/evm.model.tig082700000127.168,2
BP,GO:0006631,fatty acid metabolic process,3/380,57/13251,0.223976912,0.633683576,0.552081406,evm.model.tig082700000279.44/evm.model.tig082700000246.27/evm.model.tig082700000383.33,3
MF,GO:0043531,ADP binding,3/380,58/13251,0.23158505,0.633683576,0.552081406,evm.model.tig082700000136.101/evm.model.tig082700000151.102/evm.model.tig082700000155.34,3
MF,GO:0005096,GTPase activator activity,3/380,59/13251,0.239239734,0.633683576,0.552081406,evm.model.tig082700000292.69/evm.model.tig082700000116.234/evm.model.tig082700000140.36,3
MF,GO:0016779,nucleotidyltransferase activity,4/380,87/13251,0.239356491,0.633683576,0.552081406,evm.model.tig082700000338.10/evm.model.tig082700000132.240/evm.model.tig082700000259.119/evm.model.tig082700000071.80,4
CC,GO:0071013,catalytic step 2 spliceosome,2/380,33/13251,0.244157078,0.633683576,0.552081406,evm.model.tig082700000310.32/evm.model.tig082700000180.178,2
CC,GO:0005654,nucleoplasm,3/380,60/13251,0.246936573,0.633683576,0.552081406,evm.model.tig082700002117.359/evm.model.tig082700000075.393/evm.model.tig082700000016.853,3
BP,GO:0002183,cytoplasmic translational initiation,1/380,10/13251,0.252531666,0.633683576,0.552081406,evm.model.tig082700000075.28,1
MF,GO:0003917,"DNA topoisomerase type I (single strand cut, ATP-independent) activity",1/380,10/13251,0.252531666,0.633683576,0.552081406,evm.model.tig082700000149.67,1
CC,GO:0005684,U2-type spliceosomal complex,1/380,10/13251,0.252531666,0.633683576,0.552081406,evm.model.tig082700000497.4,1
BP,GO:0006303,double-strand break repair via nonhomologous end joining,1/380,10/13251,0.252531666,0.633683576,0.552081406,evm.model.tig082700000127.168,1
BP,GO:0006406,mRNA export from nucleus,1/380,10/13251,0.252531666,0.633683576,0.552081406,evm.model.tig082700000122.8,1
BP,GO:0007034,vacuolar transport,1/380,10/13251,0.252531666,0.633683576,0.552081406,evm.model.tig082700000122.83,1
CC,GO:0008540,"proteasome regulatory particle, base subcomplex",1/380,10/13251,0.252531666,0.633683576,0.552081406,evm.model.tig082700000208.26,1
MF,GO:0016308,1-phosphatidylinositol-4-phosphate 5-kinase activity,1/380,10/13251,0.252531666,0.633683576,0.552081406,evm.model.tig082700000446.16,1
CC,GO:0030014,CCR4-NOT complex,1/380,10/13251,0.252531666,0.633683576,0.552081406,evm.model.tig082700000279.64,1
BP,GO:0030490,maturation of SSU-rRNA,1/380,10/13251,0.252531666,0.633683576,0.552081406,evm.model.tig082700000106.385,1
MF,GO:0043014,alpha-tubulin binding,1/380,10/13251,0.252531666,0.633683576,0.552081406,evm.model.tig082700000206.75,1
BP,GO:0043039,tRNA aminoacylation,1/380,10/13251,0.252531666,0.633683576,0.552081406,evm.model.tig082700000160.19,1
BP,GO:0044772,mitotic cell cycle phase transition,1/380,10/13251,0.252531666,0.633683576,0.552081406,evm.model.tig082700000151.192,1
BP,GO:0090502,"RNA phosphodiester bond hydrolysis, endonucleolytic",2/380,34/13251,0.254865563,0.633683576,0.552081406,evm.model.tig082700031372.161/evm.model.tig082700000149.67,2
BP,GO:0006511,ubiquitin-dependent protein catabolic process,7/380,181/13251,0.263484622,0.633683576,0.552081406,evm.model.tig082700000321.24/evm.model.tig082700000122.178/evm.model.tig082700000322.59/evm.model.tig082700000149.30/evm.model.tig082700000128.249/evm.model.tig082700000153.193/evm.model.tig082700000301.47,7
CC,GO:0009536,plastid,2/380,35/13251,0.26558301,0.633683576,0.552081406,evm.model.tig082700000122.341/evm.model.tig082700000020.123,2
MF,GO:0051087,chaperone binding,2/380,35/13251,0.26558301,0.633683576,0.552081406,evm.model.tig082700000132.57/evm.model.tig082700000175.96,2
BP,GO:0051726,regulation of cell cycle,2/380,35/13251,0.26558301,0.633683576,0.552081406,evm.model.tig082700000016.819/evm.model.tig082700000016.853,2
CC,GO:0042995,cell projection,5/380,122/13251,0.272418855,0.633683576,0.552081406,evm.model.tig082700000106.331/evm.model.tig082700000175.25/evm.model.tig082700000331.15/evm.model.tig082700000240.32/evm.model.tig082700000187.99,5
CC,GO:0000159,protein phosphatase type 2A complex,1/380,11/13251,0.273983064,0.633683576,0.552081406,evm.model.tig082700000206.113,1
MF,GO:0003688,DNA replication origin binding,1/380,11/13251,0.273983064,0.633683576,0.552081406,evm.model.tig082700000122.286,1
MF,GO:0004175,endopeptidase activity,1/380,11/13251,0.273983064,0.633683576,0.552081406,evm.model.tig082700000106.405,1
MF,GO:0004550,nucleoside diphosphate kinase activity,1/380,11/13251,0.273983064,0.633683576,0.552081406,evm.model.tig082700002117.291,1
CC,GO:0005771,multivesicular body,1/380,11/13251,0.273983064,0.633683576,0.552081406,evm.model.tig082700000122.83,1
BP,GO:0006165,nucleoside diphosphate phosphorylation,1/380,11/13251,0.273983064,0.633683576,0.552081406,evm.model.tig082700002117.291,1
BP,GO:0006368,transcription elongation from RNA polymerase II promoter,1/380,11/13251,0.273983064,0.633683576,0.552081406,evm.model.tig082700000196.40,1
BP,GO:0006465,signal peptide processing,1/380,11/13251,0.273983064,0.633683576,0.552081406,evm.model.tig082700000175.38,1
BP,GO:0006796,phosphate-containing compound metabolic process,1/380,11/13251,0.273983064,0.633683576,0.552081406,evm.model.tig082700000020.213,1
MF,GO:0016307,phosphatidylinositol phosphate kinase activity,1/380,11/13251,0.273983064,0.633683576,0.552081406,evm.model.tig082700000446.16,1
BP,GO:0017148,negative regulation of translation,1/380,11/13251,0.273983064,0.633683576,0.552081406,evm.model.tig082700000253.17,1
CC,GO:0030686,90S preribosome,1/380,11/13251,0.273983064,0.633683576,0.552081406,evm.model.tig082700000156.58,1
CC,GO:0035267,NuA4 histone acetyltransferase complex,1/380,11/13251,0.273983064,0.633683576,0.552081406,evm.model.tig082700000016.7,1
MF,GO:0036402,proteasome-activating activity,1/380,11/13251,0.273983064,0.633683576,0.552081406,evm.model.tig082700000208.26,1
CC,GO:0071014,post-mRNA release spliceosomal complex,1/380,11/13251,0.273983064,0.633683576,0.552081406,evm.model.tig082700000310.32,1
MF,GO:0097573,glutathione oxidoreductase activity,1/380,11/13251,0.273983064,0.633683576,0.552081406,evm.model.tig082700000195.5,1
BP,GO:1901800,positive regulation of proteasomal protein catabolic process,1/380,11/13251,0.273983064,0.633683576,0.552081406,evm.model.tig082700000208.26,1
BP,GO:0016192,vesicle-mediated transport,6/380,153/13251,0.275834255,0.633683576,0.552081406,evm.model.tig082700000067.28/evm.model.tig082700000180.42/evm.model.tig082700002117.654/evm.model.tig082700000136.213/evm.model.tig082700000228.17/evm.model.tig082700000106.405,6
MF,GO:0000981,"DNA-binding transcription factor activity, RNA polymerase II-specific",2/380,36/13251,0.276300122,0.633683576,0.552081406,evm.model.tig082700000020.605/evm.model.tig082700000178.11,2
BP,GO:0007017,microtubule-based process,2/380,36/13251,0.276300122,0.633683576,0.552081406,evm.model.tig082700000071.488/evm.model.tig082700000227.7,2
MF,GO:0019901,protein kinase binding,2/380,36/13251,0.276300122,0.633683576,0.552081406,evm.model.tig082700000075.60/evm.model.tig082700000151.192,2
BP,GO:0006260,DNA replication,4/380,94/13251,0.283681948,0.633683576,0.552081406,evm.model.tig082700000338.10/evm.model.tig082700000180.181/evm.model.tig082700000180.178/evm.model.tig082700000210.86,4
BP,GO:0006749,glutathione metabolic process,3/380,65/13251,0.285905344,0.633683576,0.552081406,evm.model.tig082700000153.24/evm.model.tig082700000106.167/evm.model.tig082700000195.5,3
MF,GO:0000977,RNA polymerase II transcription regulatory region sequence-specific DNA binding,1/380,12/13251,0.294820408,0.633683576,0.552081406,evm.model.tig082700000178.11,1
MF,GO:0004559,alpha-mannosidase activity,1/380,12/13251,0.294820408,0.633683576,0.552081406,evm.model.tig082700000071.537,1
MF,GO:0004609,phosphatidylserine decarboxylase activity,1/380,12/13251,0.294820408,0.633683576,0.552081406,evm.model.tig082700000251.72,1
MF,GO:0004708,MAP kinase kinase activity,1/380,12/13251,0.294820408,0.633683576,0.552081406,evm.model.tig082700000067.202,1
CC,GO:0005667,transcription regulator complex,1/380,12/13251,0.294820408,0.633683576,0.552081406,evm.model.tig082700000016.819,1
BP,GO:0006906,vesicle fusion,1/380,12/13251,0.294820408,0.633683576,0.552081406,evm.model.tig082700000067.28,1
BP,GO:0007030,Golgi organization,1/380,12/13251,0.294820408,0.633683576,0.552081406,evm.model.tig082700000172.79,1
MF,GO:0016747,"acyltransferase activity, transferring groups other than amino-acyl groups",1/380,12/13251,0.294820408,0.633683576,0.552081406,evm.model.tig082700000175.168,1
MF,GO:0016866,intramolecular transferase activity,1/380,12/13251,0.294820408,0.633683576,0.552081406,evm.model.tig082700000180.36,1
CC,GO:0031011,Ino80 complex,1/380,12/13251,0.294820408,0.633683576,0.552081406,evm.model.tig082700000016.7,1
BP,GO:0046907,intracellular transport,1/380,12/13251,0.294820408,0.633683576,0.552081406,evm.model.tig082700000292.69,1
MF,GO:0097159,organic cyclic compound binding,1/380,12/13251,0.294820408,0.633683576,0.552081406,evm.model.tig082700000075.117,1
MF,GO:1901363,heterocyclic compound binding,1/380,12/13251,0.294820408,0.633683576,0.552081406,evm.model.tig082700000075.117,1
MF,GO:0031072,heat shock protein binding,2/380,38/13251,0.297698758,0.633683576,0.552081406,evm.model.tig082700000113.294/evm.model.tig082700031385.8,2
CC,GO:0009507,chloroplast,3/380,67/13251,0.301643938,0.633683576,0.552081406,evm.model.tig082700000020.606/evm.model.tig082700000238.50/evm.model.tig082700000113.305,3
MF,GO:0005525,GTP binding,12/380,350/13251,0.30426858,0.633683576,0.552081406,evm.model.tig082700000238.87/evm.model.tig082700000071.488/evm.model.tig082700000075.117/evm.model.tig082700000258.86/evm.model.tig082700002117.359/evm.model.tig082700000122.341/evm.model.tig082700000174.231/evm.model.tig082700000178.158/evm.model.tig082700031372.128/evm.model.tig082700000240.32/evm.model.tig082700000071.549/evm.model.tig082700002120.81,12
MF,GO:0000049,tRNA binding,2/380,39/13251,0.308364217,0.633683576,0.552081406,evm.model.tig082700000128.68/evm.model.tig082700000075.393,2
MF,GO:0004523,RNA-DNA hybrid ribonuclease activity,1/380,13/13251,0.31506123,0.633683576,0.552081406,evm.model.tig082700000149.67,1
BP,GO:0006493,protein O-linked glycosylation,1/380,13/13251,0.31506123,0.633683576,0.552081406,evm.model.tig082700031375.65,1
MF,GO:0008173,RNA methyltransferase activity,1/380,13/13251,0.31506123,0.633683576,0.552081406,evm.model.tig082700000195.145,1
MF,GO:0008574,plus-end-directed microtubule motor activity,1/380,13/13251,0.31506123,0.633683576,0.552081406,evm.model.tig082700000227.7,1
BP,GO:0016925,protein sumoylation,1/380,13/13251,0.31506123,0.633683576,0.552081406,evm.model.tig082700000140.9,1
CC,GO:0030127,COPII vesicle coat,1/380,13/13251,0.31506123,0.633683576,0.552081406,evm.model.tig082700000106.405,1
CC,GO:0043227,membrane-bounded organelle,1/380,13/13251,0.31506123,0.633683576,0.552081406,evm.model.tig082700000106.331,1
BP,GO:0045292,"mRNA cis splicing, via spliceosome",1/380,13/13251,0.31506123,0.633683576,0.552081406,evm.model.tig082700000310.32,1
BP,GO:0046488,phosphatidylinositol metabolic process,1/380,13/13251,0.31506123,0.633683576,0.552081406,evm.model.tig082700000446.16,1
CC,GO:0048188,Set1C/COMPASS complex,1/380,13/13251,0.31506123,0.633683576,0.552081406,evm.model.tig082700031369.62,1
CC,GO:0000139,Golgi membrane,2/380,40/13251,0.318997174,0.633683576,0.552081406,evm.model.tig082700000136.213/evm.model.tig082700000228.17,2
CC,GO:0005759,mitochondrial matrix,2/380,40/13251,0.318997174,0.633683576,0.552081406,evm.model.tig082700000132.57/evm.model.tig082700000246.27,2
BP,GO:0071704,organic substance metabolic process,2/380,40/13251,0.318997174,0.633683576,0.552081406,evm.model.tig082700000075.34/evm.model.tig082700000071.537,2
BP,GO:0016579,protein deubiquitination,3/380,70/13251,0.325319573,0.634284979,0.552605364,evm.model.tig082700000149.30/evm.model.tig082700000122.302/evm.model.tig082700000128.249,3
MF,GO:0004177,aminopeptidase activity,2/380,41/13251,0.329590734,0.634284979,0.552605364,evm.model.tig082700000448.3/evm.model.tig082700000167.90,2
CC,GO:0032040,small-subunit processome,2/380,41/13251,0.329590734,0.634284979,0.552605364,evm.model.tig082700000174.196/evm.model.tig082700000184.65,2
BP,GO:0000281,mitotic cytokinesis,1/380,14/13251,0.334722564,0.634284979,0.552605364,evm.model.tig082700000349.37,1
CC,GO:0005938,cell cortex,1/380,14/13251,0.334722564,0.634284979,0.552605364,evm.model.tig082700000113.70,1
BP,GO:0006094,gluconeogenesis,1/380,14/13251,0.334722564,0.634284979,0.552605364,evm.model.tig082700000136.101,1
MF,GO:0016758,hexosyltransferase activity,1/380,14/13251,0.334722564,0.634284979,0.552605364,evm.model.tig082700000120.309,1
MF,GO:0030515,snoRNA binding,1/380,14/13251,0.334722564,0.634284979,0.552605364,evm.model.tig082700000184.65,1
CC,GO:0031201,SNARE complex,1/380,14/13251,0.334722564,0.634284979,0.552605364,evm.model.tig082700000067.28,1
MF,GO:0050661,NADP binding,1/380,14/13251,0.334722564,0.634284979,0.552605364,evm.model.tig082700000223.64,1
BP,GO:0000413,protein peptidyl-prolyl isomerization,2/380,42/13251,0.340138424,0.634284979,0.552605364,evm.model.tig082700031372.165/evm.model.tig082700000139.231,2
MF,GO:0003755,peptidyl-prolyl cis-trans isomerase activity,2/380,42/13251,0.340138424,0.634284979,0.552605364,evm.model.tig082700031372.165/evm.model.tig082700000139.231,2
MF,GO:0004198,calcium-dependent cysteine-type endopeptidase activity,2/380,42/13251,0.340138424,0.634284979,0.552605364,evm.model.tig082700000195.84/evm.model.tig082700000106.185,2
MF,GO:0005515,protein binding,3/380,73/13251,0.348993568,0.634284979,0.552605364,evm.model.tig082700000206.75/evm.model.tig082700000075.28/evm.model.tig082700000167.128,3
MF,GO:0051959,dynein light intermediate chain binding,2/380,43/13251,0.35063417,0.634284979,0.552605364,evm.model.tig082700000225.1/evm.model.tig082700000127.170,2
BP,GO:0000470,maturation of LSU-rRNA,1/380,15/13251,0.353820957,0.634284979,0.552605364,evm.model.tig082700000125.264,1
MF,GO:0003916,DNA topoisomerase activity,1/380,15/13251,0.353820957,0.634284979,0.552605364,evm.model.tig082700000149.67,1
CC,GO:0005778,peroxisomal membrane,1/380,15/13251,0.353820957,0.634284979,0.552605364,evm.model.tig082700000353.42,1
BP,GO:0006265,DNA topological change,1/380,15/13251,0.353820957,0.634284979,0.552605364,evm.model.tig082700000149.67,1
BP,GO:0006366,transcription by RNA polymerase II,1/380,15/13251,0.353820957,0.634284979,0.552605364,evm.model.tig082700000296.56,1
BP,GO:0007015,actin filament organization,1/380,15/13251,0.353820957,0.634284979,0.552605364,evm.model.tig082700000387.8,1
BP,GO:0032446,protein modification by small protein conjugation,1/380,15/13251,0.353820957,0.634284979,0.552605364,evm.model.tig082700000122.178,1
BP,GO:0036159,inner dynein arm assembly,1/380,15/13251,0.353820957,0.634284979,0.552605364,evm.model.tig082700000153.193,1
BP,GO:0070647,protein modification by small protein conjugation or removal,1/380,15/13251,0.353820957,0.634284979,0.552605364,evm.model.tig082700000444.14,1
MF,GO:0003774,cytoskeletal motor activity,4/380,105/13251,0.35525712,0.634284979,0.552605364,evm.model.tig082700000227.46/evm.model.tig082700000219.32/evm.model.tig082700000156.69/evm.model.tig082700000128.107,4
BP,GO:0050790,regulation of catalytic activity,5/380,137/13251,0.356925456,0.634694057,0.552961763,evm.model.tig082700000292.69/evm.model.tig082700000206.113/evm.model.tig082700000116.234/evm.model.tig082700000140.36/evm.model.tig082700000310.18,5
MF,GO:0016746,acyltransferase activity,6/380,170/13251,0.361623205,0.636497155,0.554532669,evm.model.tig082700000075.34/evm.model.tig082700000318.31/evm.model.tig082700000175.168/evm.model.tig082700000151.98/evm.model.tig082700000270.52/evm.model.tig082700000351.29,6
MF,GO:0004197,cysteine-type endopeptidase activity,4/380,106/13251,0.361801561,0.636497155,0.554532669,evm.model.tig082700000301.10/evm.model.tig082700000106.167/evm.model.tig082700000128.249/evm.model.tig082700000167.128,4
MF,GO:0003678,DNA helicase activity,2/380,45/13251,0.371447449,0.636497155,0.554532669,evm.model.tig082700000016.7/evm.model.tig082700000296.56,2
CC,GO:0005773,vacuole,2/380,45/13251,0.371447449,0.636497155,0.554532669,evm.model.tig082700000301.10/evm.model.tig082700000122.333,2
MF,GO:0044877,protein-containing complex binding,2/380,45/13251,0.371447449,0.636497155,0.554532669,evm.model.tig082700000227.7/evm.model.tig082700000440.2,2
MF,GO:0005507,copper ion binding,1/380,16/13251,0.372372485,0.636497155,0.554532669,evm.model.tig082700000153.24,1
CC,GO:0005868,cytoplasmic dynein complex,1/380,16/13251,0.372372485,0.636497155,0.554532669,evm.model.tig082700000227.7,1
BP,GO:0010468,regulation of gene expression,1/380,16/13251,0.372372485,0.636497155,0.554532669,evm.model.tig082700000075.60,1
CC,GO:0015630,microtubule cytoskeleton,1/380,16/13251,0.372372485,0.636497155,0.554532669,evm.model.tig082700000227.7,1
BP,GO:1902476,chloride transmembrane transport,1/380,16/13251,0.372372485,0.636497155,0.554532669,evm.model.tig082700002120.247,1
MF,GO:0005254,chloride channel activity,1/380,17/13251,0.390392769,0.644806035,0.561771578,evm.model.tig082700002120.247,1
CC,GO:0005635,nuclear envelope,1/380,17/13251,0.390392769,0.644806035,0.561771578,evm.model.tig082700000616.9,1
BP,GO:0007099,centriole replication,1/380,17/13251,0.390392769,0.644806035,0.561771578,evm.model.tig082700000221.3,1
MF,GO:0008094,"ATP-dependent activity, acting on DNA",1/380,17/13251,0.390392769,0.644806035,0.561771578,evm.model.tig082700000016.7,1
MF,GO:0015248,sterol transporter activity,1/380,17/13251,0.390392769,0.644806035,0.561771578,evm.model.tig082700000287.19,1
BP,GO:0016070,RNA metabolic process,1/380,17/13251,0.390392769,0.644806035,0.561771578,evm.model.tig082700000149.67,1
MF,GO:0016538,cyclin-dependent protein serine/threonine kinase regulator activity,1/380,17/13251,0.390392769,0.644806035,0.561771578,evm.model.tig082700000151.192,1
BP,GO:0019538,protein metabolic process,1/380,17/13251,0.390392769,0.644806035,0.561771578,evm.model.tig082700000160.172,1
MF,GO:0019888,protein phosphatase regulator activity,1/380,17/13251,0.390392769,0.644806035,0.561771578,evm.model.tig082700000206.113,1
BP,GO:0006506,GPI anchor biosynthetic process,1/380,18/13251,0.407896982,0.661332974,0.576170272,evm.model.tig082700000139.173,1
BP,GO:0006913,nucleocytoplasmic transport,1/380,18/13251,0.407896982,0.661332974,0.576170272,evm.model.tig082700000292.69,1
MF,GO:0015293,symporter activity,1/380,18/13251,0.407896982,0.661332974,0.576170272,evm.model.tig082700000383.39,1
BP,GO:0016197,endosomal transport,1/380,18/13251,0.407896982,0.661332974,0.576170272,evm.model.tig082700002115.33,1
BP,GO:0016573,histone acetylation,1/380,18/13251,0.407896982,0.661332974,0.576170272,evm.model.tig082700000016.7,1
BP,GO:0006139,nucleobase-containing compound metabolic process,3/380,81/13251,0.41148552,0.662281439,0.576996599,evm.model.tig082700000172.131/evm.model.tig082700000196.40/evm.model.tig082700000296.56,3
MF,GO:0042626,ATPase-coupled transmembrane transporter activity,3/380,81/13251,0.41148552,0.662281439,0.576996599,evm.model.tig082700000353.42/evm.model.tig082700000192.128/evm.model.tig082700000407.4,3
MF,GO:0005085,guanyl-nucleotide exchange factor activity,2/380,50/13251,0.422216453,0.664383416,0.578827895,evm.model.tig082700000180.42/evm.model.tig082700000310.18,2
MF,GO:0005484,SNAP receptor activity,1/380,19/13251,0.424899864,0.664383416,0.578827895,evm.model.tig082700000067.28,1
BP,GO:0006891,intra-Golgi vesicle-mediated transport,1/380,19/13251,0.424899864,0.664383416,0.578827895,evm.model.tig082700002117.654,1
BP,GO:0006996,organelle organization,1/380,19/13251,0.424899864,0.664383416,0.578827895,evm.model.tig082700000349.37,1
BP,GO:0016567,protein ubiquitination,9/380,284/13251,0.428043205,0.664383416,0.578827895,evm.model.tig082700000136.101/evm.model.tig082700000279.64/evm.model.tig082700002117.359/evm.model.tig082700000122.178/evm.model.tig082700000155.34/evm.model.tig082700000279.59/evm.model.tig082700000128.206/evm.model.tig082700000270.52/evm.model.tig082700002117.200,9
BP,GO:0032508,DNA duplex unwinding,2/380,51/13251,0.43212075,0.664383416,0.578827895,evm.model.tig082700000016.7/evm.model.tig082700000296.56,2
MF,GO:0045505,dynein intermediate chain binding,2/380,51/13251,0.43212075,0.664383416,0.578827895,evm.model.tig082700000225.1/evm.model.tig082700000127.170,2
BP,GO:0006281,DNA repair,5/380,151/13251,0.436658196,0.664383416,0.578827895,evm.model.tig082700000446.12/evm.model.tig082700002117.359/evm.model.tig082700000016.7/evm.model.tig082700000075.60/evm.model.tig082700000296.56,5
BP,GO:0000079,regulation of cyclin-dependent protein serine/threonine kinase activity,1/380,20/13251,0.441415739,0.664383416,0.578827895,evm.model.tig082700000151.192,1
MF,GO:0000149,SNARE binding,1/380,20/13251,0.441415739,0.664383416,0.578827895,evm.model.tig082700000067.28,1
BP,GO:0006270,DNA replication initiation,1/380,20/13251,0.441415739,0.664383416,0.578827895,evm.model.tig082700000122.286,1
BP,GO:0009306,protein secretion,1/380,20/13251,0.441415739,0.664383416,0.578827895,evm.model.tig082700000210.74,1
BP,GO:0015918,sterol transport,1/380,20/13251,0.441415739,0.664383416,0.578827895,evm.model.tig082700000287.19,1
BP,GO:0017121,plasma membrane phospholipid scrambling,1/380,20/13251,0.441415739,0.664383416,0.578827895,evm.model.tig082700000149.67,1
MF,GO:0017128,phospholipid scramblase activity,1/380,20/13251,0.441415739,0.664383416,0.578827895,evm.model.tig082700000149.67,1
MF,GO:0034511,U3 snoRNA binding,1/380,20/13251,0.441415739,0.664383416,0.578827895,evm.model.tig082700000075.63,1
BP,GO:0051568,histone H3-K4 methylation,1/380,20/13251,0.441415739,0.664383416,0.578827895,evm.model.tig082700000174.11,1
BP,GO:0061025,membrane fusion,1/380,20/13251,0.441415739,0.664383416,0.578827895,evm.model.tig082700000067.28,1
MF,GO:0070006,metalloaminopeptidase activity,1/380,20/13251,0.441415739,0.664383416,0.578827895,evm.model.tig082700000167.90,1
MF,GO:0022857,transmembrane transporter activity,7/380,220/13251,0.444283593,0.666425389,0.580606915,evm.model.tig082700000071.420/evm.model.tig082700000140.61/evm.model.tig082700000611.4/evm.model.tig082700000156.15/evm.model.tig082700000240.32/evm.model.tig082700000611.1/evm.model.tig082700000075.163,7
MF,GO:0004185,serine-type carboxypeptidase activity,1/380,21/13251,0.457458519,0.670229923,0.583921522,evm.model.tig082700000016.37,1
MF,GO:0005198,structural molecule activity,1/380,21/13251,0.457458519,0.670229923,0.583921522,evm.model.tig082700000106.405,1
CC,GO:0005811,lipid droplet,1/380,21/13251,0.457458519,0.670229923,0.583921522,evm.model.tig082700000180.36,1
BP,GO:0006887,exocytosis,1/380,21/13251,0.457458519,0.670229923,0.583921522,evm.model.tig082700002117.551,1
BP,GO:0030163,protein catabolic process,1/380,21/13251,0.457458519,0.670229923,0.583921522,evm.model.tig082700000208.26,1
CC,GO:0030688,"preribosome, small subunit precursor",1/380,21/13251,0.457458519,0.670229923,0.583921522,evm.model.tig082700000195.145,1
MF,GO:0032934,sterol binding,1/380,21/13251,0.457458519,0.670229923,0.583921522,evm.model.tig082700000287.19,1
MF,GO:0004180,carboxypeptidase activity,2/380,54/13251,0.461274947,0.672939996,0.586282608,evm.model.tig082700000016.37/evm.model.tig082700000151.240,2
MF,GO:0005262,calcium channel activity,2/380,55/13251,0.470797842,0.672939996,0.586282608,evm.model.tig082700000127.292/evm.model.tig082700000127.291,2
CC,GO:0000307,cyclin-dependent protein kinase holoenzyme complex,1/380,22/13251,0.473041721,0.672939996,0.586282608,evm.model.tig082700000151.192,1
BP,GO:0001510,RNA methylation,1/380,22/13251,0.473041721,0.672939996,0.586282608,evm.model.tig082700000195.145,1
BP,GO:0006289,nucleotide-excision repair,1/380,22/13251,0.473041721,0.672939996,0.586282608,evm.model.tig082700000296.56,1
BP,GO:0006890,"retrograde vesicle-mediated transport, Golgi to endoplasmic reticulum",1/380,22/13251,0.473041721,0.672939996,0.586282608,evm.model.tig082700000228.17,1
MF,GO:0016209,antioxidant activity,1/380,22/13251,0.473041721,0.672939996,0.586282608,evm.model.tig082700000016.703,1
CC,GO:0017053,transcription repressor complex,1/380,22/13251,0.473041721,0.672939996,0.586282608,evm.model.tig082700031372.96,1
MF,GO:0030544,Hsp70 protein binding,1/380,22/13251,0.473041721,0.672939996,0.586282608,evm.model.tig082700000259.38,1
BP,GO:0000462,"maturation of SSU-rRNA from tricistronic rRNA transcript (SSU-rRNA, 5.8S rRNA, LSU-rRNA)",1/380,23/13251,0.488178477,0.687534666,0.598997859,evm.model.tig082700000155.26,1
CC,GO:0016459,myosin complex,1/380,23/13251,0.488178477,0.687534666,0.598997859,evm.model.tig082700000219.32,1
CC,GO:0030173,integral component of Golgi membrane,1/380,23/13251,0.488178477,0.687534666,0.598997859,evm.model.tig082700000136.110,1
MF,GO:0003724,RNA helicase activity,2/380,57/13251,0.489537155,0.687534666,0.598997859,evm.model.tig082700000172.131/evm.model.tig082700000122.8,2
MF,GO:0004386,helicase activity,5/380,162/13251,0.497776176,0.696886647,0.607145545,evm.model.tig082700000383.39/evm.model.tig082700000172.131/evm.model.tig082700000016.7/evm.model.tig082700000122.8/evm.model.tig082700000296.56,5
MF,GO:0061631,ubiquitin conjugating enzyme activity,1/380,24/13251,0.502881544,0.701806206,0.611431591,evm.model.tig082700000279.59,1
MF,GO:0008237,metallopeptidase activity,3/380,94/13251,0.508382121,0.707244528,0.616169597,evm.model.tig082700000212.82/evm.model.tig082700000253.54/evm.model.tig082700000167.90,3
MF,GO:0004364,glutathione transferase activity,1/380,25/13251,0.517163318,0.717198186,0.624841479,evm.model.tig082700000153.24,1
MF,GO:0004842,ubiquitin-protein transferase activity,4/380,132/13251,0.526654251,0.725298081,0.631898316,evm.model.tig082700000279.64/evm.model.tig082700002117.359/evm.model.tig082700000155.34/evm.model.tig082700002117.200,4
MF,GO:0003777,microtubule motor activity,3/380,97/13251,0.529566807,0.725298081,0.631898316,evm.model.tig082700000227.46/evm.model.tig082700000156.69/evm.model.tig082700000128.107,3
MF,GO:0005261,cation channel activity,1/380,26/13251,0.531035837,0.725298081,0.631898316,evm.model.tig082700000127.292,1
MF,GO:0016818,"hydrolase activity, acting on acid anhydrides, in phosphorus-containing anhydrides",1/380,26/13251,0.531035837,0.725298081,0.631898316,evm.model.tig082700000296.56,1
BP,GO:0018200,peptidyl-glutamic acid modification,4/380,133/13251,0.532624045,0.725298081,0.631898316,evm.model.tig082700000122.3/evm.model.tig082700000175.207/evm.model.tig082700000122.302/evm.model.tig082700000240.32,4
MF,GO:0005227,calcium activated cation channel activity,2/380,62/13251,0.534516726,0.725298081,0.631898316,evm.model.tig082700000156.145/evm.model.tig082700000272.31,2
BP,GO:0048856,anatomical structure development,2/380,62/13251,0.534516726,0.725298081,0.631898316,evm.model.tig082700000448.3/evm.model.tig082700000407.4,2
MF,GO:0016881,acid-amino acid ligase activity,4/380,134/13251,0.538556543,0.728538145,0.634721143,evm.model.tig082700000122.3/evm.model.tig082700000175.207/evm.model.tig082700000122.302/evm.model.tig082700000240.32,4
BP,GO:0019677,NAD catabolic process,1/380,27/13251,0.5445108,0.729876178,0.635886872,evm.model.tig082700000075.63,1
MF,GO:0031625,ubiquitin protein ligase binding,1/380,27/13251,0.5445108,0.729876178,0.635886872,evm.model.tig082700000128.206,1
BP,GO:0034404,nucleobase-containing small molecule biosynthetic process,1/380,27/13251,0.5445108,0.729876178,0.635886872,evm.model.tig082700000075.63,1
BP,GO:0032259,methylation,5/380,172/13251,0.551057289,0.736412922,0.641581851,evm.model.tig082700000174.11/evm.model.tig082700000353.42/evm.model.tig082700000227.118/evm.model.tig082700000195.145/evm.model.tig082700000147.153,5
MF,GO:0071949,FAD binding,1/380,28/13251,0.55759957,0.742904563,0.647237535,evm.model.tig082700000178.137,1
BP,GO:0098869,cellular oxidant detoxification,2/380,65/13251,0.560172916,0.744085109,0.648266057,evm.model.tig082700000016.703/evm.model.tig082700000195.5,2
BP,GO:0000278,mitotic cell cycle,2/380,66/13251,0.568498079,0.748536058,0.652143839,evm.model.tig082700000071.488/evm.model.tig082700000116.234,2
BP,GO:0006357,regulation of transcription by RNA polymerase II,2/380,66/13251,0.568498079,0.748536058,0.652143839,evm.model.tig082700000016.7/evm.model.tig082700000178.11,2
BP,GO:0006612,protein targeting to membrane,1/380,29/13251,0.570313187,0.748536058,0.652143839,evm.model.tig082700000223.17,1
BP,GO:0061709,reticulophagy,1/380,29/13251,0.570313187,0.748536058,0.652143839,evm.model.tig082700000075.60,1
BP,GO:0046854,phosphatidylinositol phosphate biosynthetic process,1/380,30/13251,0.582662377,0.762475099,0.664287889,evm.model.tig082700000446.16,1
BP,GO:0008033,tRNA processing,2/380,68/13251,0.584805298,0.763015196,0.664758435,evm.model.tig082700031372.161/evm.model.tig082700000240.32,2
BP,GO:0015031,protein transport,7/380,253/13251,0.59193303,0.76887941,0.669867489,evm.model.tig082700000223.17/evm.model.tig082700002117.654/evm.model.tig082700000136.213/evm.model.tig082700000228.17/evm.model.tig082700000136.110/evm.model.tig082700002120.81/evm.model.tig082700000106.405,7
CC,GO:0012505,endomembrane system,2/380,69/13251,0.592786847,0.76887941,0.669867489,evm.model.tig082700000067.28/evm.model.tig082700031372.128,2
BP,GO:0042594,response to starvation,1/380,32/13251,0.606308854,0.782235461,0.681503624,evm.model.tig082700000020.605,1
MF,GO:0035091,phosphatidylinositol binding,2/380,71/13251,0.608405358,0.782235461,0.681503624,evm.model.tig082700000238.87/evm.model.tig082700002115.33,2
BP,GO:0070588,calcium ion transmembrane transport,2/380,71/13251,0.608405358,0.782235461,0.681503624,evm.model.tig082700000127.292/evm.model.tig082700000127.291,2
MF,GO:0008641,ubiquitin-like modifier activating enzyme activity,1/380,33/13251,0.617626097,0.789487272,0.687821588,evm.model.tig082700000122.178,1
MF,GO:0016831,carboxy-lyase activity,1/380,33/13251,0.617626097,0.789487272,0.687821588,evm.model.tig082700000251.72,1
BP,GO:0000122,negative regulation of transcription by RNA polymerase II,1/380,34/13251,0.628618841,0.792059739,0.690062788,evm.model.tig082700031372.96,1
MF,GO:0003697,single-stranded DNA binding,1/380,34/13251,0.628618841,0.792059739,0.690062788,evm.model.tig082700000122.286,1
MF,GO:0004497,monooxygenase activity,1/380,34/13251,0.628618841,0.792059739,0.690062788,evm.model.tig082700002117.248,1
MF,GO:0005319,lipid transporter activity,1/380,34/13251,0.628618841,0.792059739,0.690062788,evm.model.tig082700000192.128,1
MF,GO:0043130,ubiquitin binding,1/380,34/13251,0.628618841,0.792059739,0.690062788,evm.model.tig082700000212.46,1
BP,GO:0007049,cell cycle,2/380,74/13251,0.63097314,0.792761125,0.690673853,evm.model.tig082700000136.101/evm.model.tig082700000287.69,2
BP,GO:0006629,lipid metabolic process,5/380,189/13251,0.634782162,0.795281061,0.692869286,evm.model.tig082700000279.44/evm.model.tig082700000246.27/evm.model.tig082700000383.33/evm.model.tig082700000407.6/evm.model.tig082700000301.1,5
BP,GO:0006816,calcium ion transport,2/380,76/13251,0.645448153,0.804784971,0.701149336,evm.model.tig082700000127.292/evm.model.tig082700000127.291,2
MF,GO:0010181,FMN binding,1/380,36/13251,0.649667686,0.804784971,0.701149336,evm.model.tig082700000106.123,1
MF,GO:0031267,small GTPase binding,1/380,36/13251,0.649667686,0.804784971,0.701149336,evm.model.tig082700000616.9,1
MF,GO:0043169,cation binding,1/380,36/13251,0.649667686,0.804784971,0.701149336,evm.model.tig082700000448.4,1
MF,GO:0016491,oxidoreductase activity,13/380,491/13251,0.656193175,0.805944679,0.702159704,evm.model.tig082700000272.10/evm.model.tig082700000187.56/evm.model.tig082700000016.27/evm.model.tig082700000279.44/evm.model.tig082700000287.69/evm.model.tig082700000140.131/evm.model.tig082700000178.137/evm.model.tig082700000223.64/evm.model.tig082700000016.703/evm.model.tig082700000071.458/evm.model.tig082700000178.20/evm.model.tig082700000407.6/evm.model.tig082700000167.104,13
MF,GO:0008168,methyltransferase activity,5/380,194/13251,0.657509547,0.805944679,0.702159704,evm.model.tig082700000174.11/evm.model.tig082700000353.42/evm.model.tig082700000227.118/evm.model.tig082700000195.145/evm.model.tig082700000147.153,5
MF,GO:0003953,NAD+ nucleosidase activity,1/380,37/13251,0.659741563,0.805944679,0.702159704,evm.model.tig082700000075.63,1
BP,GO:0006400,tRNA modification,1/380,37/13251,0.659741563,0.805944679,0.702159704,evm.model.tig082700000240.32,1
BP,GO:0006633,fatty acid biosynthetic process,1/380,37/13251,0.659741563,0.805944679,0.702159704,evm.model.tig082700000151.98,1
MF,GO:0004601,peroxidase activity,1/380,38/13251,0.669526504,0.813391703,0.708647742,evm.model.tig082700000016.703,1
BP,GO:0008654,phospholipid biosynthetic process,1/380,38/13251,0.669526504,0.813391703,0.708647742,evm.model.tig082700000251.72,1
MF,GO:0000287,magnesium ion binding,2/380,80/13251,0.673046788,0.813729814,0.708942313,evm.model.tig082700000187.56/evm.model.tig082700000020.213,2
BP,GO:0000272,polysaccharide catabolic process,1/380,39/13251,0.679030774,0.813729814,0.708942313,evm.model.tig082700000383.39,1
CC,GO:0000785,chromatin,1/380,39/13251,0.679030774,0.813729814,0.708942313,evm.model.tig082700000251.20,1
BP,GO:0006310,DNA recombination,1/380,39/13251,0.679030774,0.813729814,0.708942313,evm.model.tig082700000016.7,1
BP,GO:0006606,protein import into nucleus,1/380,39/13251,0.679030774,0.813729814,0.708942313,evm.model.tig082700000616.9,1
BP,GO:0006464,cellular protein modification process,5/380,202/13251,0.691942911,0.825485311,0.719184004,evm.model.tig082700000122.3/evm.model.tig082700000175.207/evm.model.tig082700000122.178/evm.model.tig082700000122.302/evm.model.tig082700000240.32,5
BP,GO:0006338,chromatin remodeling,2/380,83/13251,0.692584047,0.825485311,0.719184004,evm.model.tig082700000016.7/evm.model.tig082700000122.8,2
BP,GO:0006325,chromatin organization,1/380,41/13251,0.697229197,0.828781876,0.722056056,evm.model.tig082700000016.7,1
MF,GO:0008483,transaminase activity,1/380,43/13251,0.71439836,0.84305112,0.734487788,evm.model.tig082700000075.34,1
MF,GO:0070740,tubulin-glutamic acid ligase activity,1/380,43/13251,0.71439836,0.84305112,0.734487788,evm.model.tig082700000240.32,1
MF,GO:0140359,ABC-type transporter activity,3/380,128/13251,0.715114131,0.84305112,0.734487788,evm.model.tig082700000353.42/evm.model.tig082700000192.128/evm.model.tig082700000407.4,3
MF,GO:0003674,molecular_function,1/380,44/13251,0.722615246,0.84305112,0.734487788,evm.model.tig082700000279.44,1
MF,GO:0008138,protein tyrosine/serine/threonine phosphatase activity,1/380,44/13251,0.722615246,0.84305112,0.734487788,evm.model.tig082700000372.4,1
BP,GO:0009058,biosynthetic process,1/380,44/13251,0.722615246,0.84305112,0.734487788,evm.model.tig082700000075.34,1
MF,GO:0051213,dioxygenase activity,1/380,44/13251,0.722615246,0.84305112,0.734487788,evm.model.tig082700000246.43,1
MF,GO:0005506,iron ion binding,1/380,45/13251,0.730596332,0.845650872,0.736752759,evm.model.tig082700000016.27,1
CC,GO:0005815,microtubule organizing center,1/380,45/13251,0.730596332,0.845650872,0.736752759,evm.model.tig082700000106.185,1
BP,GO:0018095,protein polyglutamylation,1/380,45/13251,0.730596332,0.845650872,0.736752759,evm.model.tig082700000240.32,1
MF,GO:0003682,chromatin binding,1/380,46/13251,0.738348368,0.85096856,0.741385665,evm.model.tig082700000251.20,1
BP,GO:0098655,cation transmembrane transport,3/380,133/13251,0.739049793,0.85096856,0.741385665,evm.model.tig082700000127.292/evm.model.tig082700000156.145/evm.model.tig082700000272.31,3
CC,GO:0005794,Golgi apparatus,4/380,175/13251,0.743505013,0.852155853,0.742420065,evm.model.tig082700000136.213/evm.model.tig082700000228.17/evm.model.tig082700000136.110/evm.model.tig082700000172.79,4
MF,GO:0004519,endonuclease activity,2/380,92/13251,0.745471391,0.852155853,0.742420065,evm.model.tig082700000149.67/evm.model.tig082700000433.41,2
MF,GO:0016788,"hydrolase activity, acting on ester bonds",1/380,47/13251,0.745877912,0.852155853,0.742420065,evm.model.tig082700000113.40,1
MF,GO:0015631,tubulin binding,1/380,48/13251,0.753191332,0.857184479,0.746801134,evm.model.tig082700000240.32,1
CC,GO:0005929,cilium,4/380,178/13251,0.755355905,0.857184479,0.746801134,evm.model.tig082700000106.331/evm.model.tig082700000227.118/evm.model.tig082700000331.15/evm.model.tig082700000240.32,4
MF,GO:0020037,heme binding,2/380,94/13251,0.756110572,0.857184479,0.746801134,evm.model.tig082700000427.5/evm.model.tig082700000287.13,2
CC,GO:0005575,cellular_component,1/380,50/13251,0.767194374,0.865301071,0.753872517,evm.model.tig082700000279.59,1
BP,GO:0006888,endoplasmic reticulum to Golgi vesicle-mediated transport,1/380,50/13251,0.767194374,0.865301071,0.753872517,evm.model.tig082700000172.79,1
MF,GO:0004709,MAP kinase kinase kinase activity,1/380,51/13251,0.773895846,0.870632827,0.758517679,evm.model.tig082700000067.202,1
MF,GO:0017018,myosin phosphatase activity,1/380,52/13251,0.780404905,0.873498891,0.761014668,evm.model.tig082700000448.4,1
BP,GO:0030030,cell projection organization,1/380,52/13251,0.780404905,0.873498891,0.761014668,evm.model.tig082700000187.99,1
BP,GO:0006869,lipid transport,1/380,53/13251,0.786727061,0.878345909,0.765237514,evm.model.tig082700000192.128,1
MF,GO:0030170,pyridoxal phosphate binding,1/380,55/13251,0.798831923,0.889608278,0.77504958,evm.model.tig082700000075.34,1
MF,GO:0016616,"oxidoreductase activity, acting on the CH-OH group of donors, NAD or NADP as acceptor",1/380,56/13251,0.804624881,0.893802449,0.778703649,evm.model.tig082700000187.56,1
CC,GO:0005871,kinesin complex,2/380,105/13251,0.807991723,0.895287312,0.7799973,evm.model.tig082700000227.46/evm.model.tig082700000128.107,2
BP,GO:0000209,protein polyubiquitination,1/380,58/13251,0.815716389,0.901581273,0.78548076,evm.model.tig082700000279.59,1
CC,GO:0005813,centrosome,2/380,108/13251,0.820328712,0.904412405,0.787947315,evm.model.tig082700000116.234/evm.model.tig082700000151.192,2
MF,GO:0008289,lipid binding,1/380,61/13251,0.831187122,0.914098555,0.796386139,evm.model.tig082700000287.19,1
BP,GO:0009740,gibberellic acid mediated signaling pathway,1/380,62/13251,0.836050571,0.917159955,0.799053308,evm.model.tig082700031375.65,1
MF,GO:0004518,nuclease activity,1/380,63/13251,0.840774264,0.918882202,0.800553775,evm.model.tig082700000149.67,1
BP,GO:0006470,protein dephosphorylation,3/380,160/13251,0.841787777,0.918882202,0.800553775,evm.model.tig082700000372.4/evm.model.tig082700000206.113/evm.model.tig082700000448.4,3
BP,GO:0042981,regulation of apoptotic process,1/380,64/13251,0.845362206,0.920505513,0.801968044,evm.model.tig082700000440.2,1
BP,GO:0007131,reciprocal meiotic recombination,1/380,65/13251,0.849818288,0.923078486,0.804209684,evm.model.tig082700000132.173,1
BP,GO:0006886,intracellular protein transport,4/380,212/13251,0.861671571,0.933653963,0.813423312,evm.model.tig082700000067.28/evm.model.tig082700000616.9/evm.model.tig082700031372.128/evm.model.tig082700000172.79,4
MF,GO:0004721,phosphoprotein phosphatase activity,2/380,121/13251,0.865953749,0.935994126,0.815462122,evm.model.tig082700000372.4/evm.model.tig082700000448.4,2
MF,GO:0004722,protein serine/threonine phosphatase activity,1/380,73/13251,0.88115167,0.950092632,0.827745103,evm.model.tig082700000448.4,1
BP,GO:0000165,MAPK cascade,1/380,75/13251,0.887907305,0.952718058,0.830032441,evm.model.tig082700000067.202,1
MF,GO:0003690,double-stranded DNA binding,1/380,75/13251,0.887907305,0.952718058,0.830032441,evm.model.tig082700000132.173,1
CC,GO:0005764,lysosome,1/380,78/13251,0.897329351,0.958165239,0.834778165,evm.model.tig082700000167.128,1
BP,GO:0006396,RNA processing,1/380,78/13251,0.897329351,0.958165239,0.834778165,evm.model.tig082700000020.624,1
CC,GO:0005768,endosome,1/380,87/13251,0.921113914,0.978822255,0.852775088,evm.model.tig082700002115.33,1
BP,GO:0060271,cilium assembly,1/380,87/13251,0.921113914,0.978822255,0.852775088,evm.model.tig082700000136.129,1
BP,GO:0090305,nucleic acid phosphodiester bond hydrolysis,2/380,155/13251,0.939694826,0.996166871,0.867886163,evm.model.tig082700000149.67/evm.model.tig082700000433.41,2
BP,GO:1905037,autophagosome organization,1/380,100/13251,0.946104883,0.99967343,0.870941167,evm.model.tig082700000071.473,1
CC,GO:0005615,extracellular space,1/380,102/13251,0.949174613,0.99967343,0.870941167,evm.model.tig082700000167.128,1
MF,GO:0016163,nitrogenase activity,1/380,103/13251,0.950643443,0.99967343,0.870941167,evm.model.tig082700031375.6,1
CC,GO:0005776,autophagosome,1/380,104/13251,0.952069934,0.99967343,0.870941167,evm.model.tig082700000071.473,1
MF,GO:0016772,"transferase activity, transferring phosphorus-containing groups",1/380,112/13251,0.96209661,0.999997353,0.871223377,evm.model.tig082700000400.23,1
BP,GO:0006355,"regulation of transcription, DNA-templated",2/380,179/13251,0.966432968,0.999997353,0.871223377,evm.model.tig082700000132.121/evm.model.tig082700000016.819,2
MF,GO:0016791,phosphatase activity,2/380,185/13251,0.971073354,0.999997353,0.871223377,evm.model.tig082700000372.4/evm.model.tig082700000448.4,2
BP,GO:0006914,autophagy,2/380,188/13251,0.973155593,0.999997353,0.871223377,evm.model.tig082700000169.34/evm.model.tig082700000071.473,2
MF,GO:0004222,metalloendopeptidase activity,4/380,310/13251,0.979473729,0.999997353,0.871223377,evm.model.tig082700031375.6/evm.model.tig082700000338.10/evm.model.tig082700000253.54/evm.model.tig082700000156.69,4
MF,GO:0061630,ubiquitin protein ligase activity,1/380,142/13251,0.98430075,0.999997353,0.871223377,evm.model.tig082700002117.359,1
MF,GO:0008236,serine-type peptidase activity,1/380,144/13251,0.985197762,0.999997353,0.871223377,evm.model.tig082700000151.240,1
CC,GO:0005576,extracellular region,2/380,219/13251,0.987731822,0.999997353,0.871223377,evm.model.tig082700002117.551/evm.model.tig082700000016.37,2
MF,GO:0004252,serine-type endopeptidase activity,1/380,165/13251,0.992023782,0.999997353,0.871223377,evm.model.tig082700000206.75,1
BP,GO:0046777,protein autophosphorylation,1/380,169/13251,0.992910774,0.999997353,0.871223377,evm.model.tig082700000071.473,1
BP,GO:0016311,dephosphorylation,1/380,181/13251,0.995023674,0.999997353,0.871223377,evm.model.tig082700000372.4,1
BP,GO:0007165,signal transduction,3/380,325/13251,0.995904877,0.999997353,0.871223377,evm.model.tig082700000180.42/evm.model.tig082700002117.248/evm.model.tig082700000075.63,3
MF,GO:0106310,protein serine kinase activity,1/380,195/13251,0.996708282,0.999997353,0.871223377,evm.model.tig082700031372.96,1
BP,GO:0018105,peptidyl-serine phosphorylation,2/380,276/13251,0.997214944,0.999997353,0.871223377,evm.model.tig082700000071.473/evm.model.tig082700000219.32,2
MF,GO:0004712,protein serine/threonine/tyrosine kinase activity,1/380,213/13251,0.998066396,0.999997353,0.871223377,evm.model.tig082700031372.96,1
MF,GO:0030246,carbohydrate binding,4/380,423/13251,0.998340654,0.999997353,0.871223377,evm.model.tig082700002117.265/evm.model.tig082700000075.513/evm.model.tig082700000387.8/evm.model.tig082700000071.537,4
BP,GO:0034220,ion transmembrane transport,5/380,499/13251,0.998897992,0.999997353,0.871223377,evm.model.tig082700000127.292/evm.model.tig082700002120.179/evm.model.tig082700000127.291/evm.model.tig082700000156.145/evm.model.tig082700000272.31,5
MF,GO:0005216,ion channel activity,3/380,424/13251,0.999652036,0.999997353,0.871223377,evm.model.tig082700000127.292/evm.model.tig082700002120.179/evm.model.tig082700000127.291,3
BP,GO:0005975,carbohydrate metabolic process,2/380,477/13251,0.999988685,0.999997353,0.871223377,evm.model.tig082700000140.218/evm.model.tig082700000071.537,2
MF,GO:0016798,"hydrolase activity, acting on glycosyl bonds",1/380,406/13251,0.999993857,0.999997353,0.871223377,evm.model.tig082700000071.537,1
BP,GO:0008152,metabolic process,1/380,434/13251,0.999997353,0.999997353,0.871223377,evm.model.tig082700000071.537,1
