,baseMean,log2FoldChange,lfcSE,stat,pvalue,padj
evm.model.tig082700000365.16,1439.342559,-14.30215958,2.151820001,-6.646540869,3.00E-11,1.12E-08
evm.model.tig082700000238.87,854.7492211,-13.55059459,1.859755195,-7.286224891,3.19E-13,2.28E-10
evm.model.tig082700000147.5,550.0710978,-12.9127492,1.659249366,-7.782283643,7.12E-15,8.86E-12
evm.model.tig082700000016.637,414.0767501,-12.50485207,1.890125921,-6.615883063,3.69E-11,1.32E-08
evm.model.tig082700000377.10,338.9226452,-12.21822786,1.396197817,-8.751072171,2.11E-18,1.97E-14
evm.model.tig082700000075.368,336.6378644,-12.20636209,1.678760222,-7.27105749,3.57E-13,2.38E-10
evm.model.tig082700000136.101,307.4512581,-12.07481647,1.942637632,-6.215681334,5.11E-10,1.44E-07
evm.model.tig082700000279.64,302.6830419,-12.05372012,1.606818082,-7.501608462,6.30E-14,5.88E-11
evm.model.tig082700002120.395,285.7965202,-11.96641272,1.381650018,-8.660957962,4.68E-18,2.91E-14
evm.model.tig082700002120.282,284.7723937,-11.96404346,2.882458004,-4.150639295,3.32E-05,0.002232143
evm.model.tig082700000075.361,242.4090334,-11.7321158,1.601822868,-7.324227934,2.40E-13,1.79E-10
evm.model.tig082700000228.81,236.5460259,-11.69738264,1.458701301,-8.019039013,1.07E-15,1.66E-12
evm.model.tig082700000075.565,232.2644346,-11.66912746,1.333444881,-8.75111347,2.11E-18,1.97E-14
evm.model.tig082700000328.85,231.4989331,-11.66879702,1.378498683,-8.464859024,2.56E-17,9.57E-14
evm.model.tig082700031375.6,230.0054517,-11.65299779,1.388446336,-8.392832684,4.75E-17,1.26E-13
evm.model.tig082700000122.3,227.980325,-11.64279439,1.352697868,-8.607091554,7.49E-18,3.49E-14
evm.model.tig082700000428.20,221.4867541,-11.60242964,2.711948729,-4.2782629,1.88E-05,0.001491023
evm.model.tig082700000372.4,198.1517412,-11.43670743,1.580426877,-7.236467308,4.61E-13,2.96E-10
evm.model.tig082700000067.28,168.5175732,-11.20995668,1.372298311,-8.168746252,3.12E-16,5.81E-13
evm.model.tig082700000020.13,164.0779831,-11.16609959,1.781119959,-6.26914517,3.63E-10,1.07E-07
evm.model.tig082700000071.222,163.6413235,-11.16226576,1.328299821,-8.40342337,4.34E-17,1.26E-13
evm.model.tig082700000162.22,162.6324743,-11.160736,1.440663539,-7.74694139,9.41E-15,1.10E-11
evm.model.tig082700000075.477,162.0858904,-11.14954985,1.402041162,-7.95236984,1.83E-15,2.62E-12
evm.model.tig082700000180.42,156.5604874,-11.1003901,2.88637836,-3.845784827,0.000120167,0.006073165
evm.model.tig082700000163.140,149.353881,-11.03492933,1.704025969,-6.475798807,9.43E-11,3.09E-08
evm.model.tig082700000122.158,149.6181035,-11.0335051,1.445312637,-7.633991994,2.28E-14,2.50E-11
evm.model.tig082700000075.343,146.8211997,-11.00840203,1.454965865,-7.566089552,3.85E-14,3.88E-11
evm.model.tig082700002117.265,141.3813036,-10.95409353,1.693044904,-6.470054929,9.80E-11,3.15E-08
evm.model.tig082700000136.52,141.2793679,-10.95250066,1.645118427,-6.657575824,2.78E-11,1.06E-08
evm.model.tig082700000240.54,133.9925029,-10.87492539,1.328580586,-8.185371292,2.71E-16,5.63E-13
evm.model.tig082700002115.25,132.1787703,-10.85909157,1.516333697,-7.161412816,7.98E-13,4.51E-10
evm.model.tig082700000174.11,130.3763043,-10.84236298,1.389566207,-7.802696211,6.06E-15,8.07E-12
evm.model.tig082700000075.513,127.8442228,-10.81063986,2.594134631,-4.167339554,3.08E-05,0.002108828
evm.model.tig082700000127.292,128.3499875,-10.80856236,1.537581891,-7.029584848,2.07E-12,1.07E-09
evm.model.tig082700000016.432,124.2819367,-10.76282194,1.578998241,-6.81623428,9.35E-12,4.05E-09
evm.model.tig082700000120.309,116.6768782,-10.67634741,1.43653123,-7.432032933,1.07E-13,9.07E-11
evm.model.tig082700000289.66,115.7029519,-10.66619762,1.623877984,-6.568349177,5.09E-11,1.79E-08
evm.model.tig082700031372.161,114.4643297,-10.64228997,1.607964283,-6.618486541,3.63E-11,1.32E-08
evm.model.tig082700000206.75,109.2788467,-10.58565087,1.930695391,-5.482817706,4.19E-08,8.05E-06
evm.model.tig082700000020.390,103.1150372,-10.50080328,1.442092141,-7.281645175,3.30E-13,2.28E-10
evm.model.tig082700000360.13,95.53491759,-10.39275077,1.374219656,-7.562656179,3.95E-14,3.88E-11
evm.model.tig082700000338.10,95.92329417,-10.38994097,1.63098247,-6.370357233,1.89E-10,5.86E-08
evm.model.tig082700000125.247,91.41052521,-10.33043787,1.667829877,-6.193939811,5.87E-10,1.63E-07
evm.model.tig082700000016.733,89.73371005,-10.3007265,1.395186403,-7.383046791,1.55E-13,1.25E-10
evm.model.tig082700000175.207,87.93463061,-10.27572006,1.497171598,-6.863421719,6.72E-12,3.13E-09
evm.model.tig082700002120.51,87.39422373,-10.26205444,1.446501549,-7.094395752,1.30E-12,6.92E-10
evm.model.tig082700000020.442,86.49372788,-10.24524414,2.94218779,-3.482185662,0.000497339,0.018439106
evm.model.tig082700000071.420,84.92809524,-10.22128391,2.603069846,-3.926626833,8.61E-05,0.00478133
evm.model.tig082700000446.16,84.3970477,-10.21557932,1.642902219,-6.218008111,5.04E-10,1.44E-07
evm.model.tig082700000169.108,83.02234716,-10.19053965,1.558053478,-6.540558331,6.13E-11,2.08E-08
evm.model.tig082700000149.79,79.40095271,-10.12815307,1.693126938,-5.981921877,2.21E-09,5.48E-07
evm.model.tig082700000075.303,78.65780753,-10.10651252,1.478745383,-6.834518392,8.23E-12,3.74E-09
evm.model.tig082700000120.250,77.98588379,-10.0948344,2.919107488,-3.458192081,0.000543814,0.019692385
evm.model.tig082700000020.110,77.59218155,-10.08958877,1.404544192,-7.183532445,6.79E-13,4.09E-10
evm.model.tig082700000140.224,76.73954374,-10.07535897,2.615908512,-3.851571614,0.000117362,0.006012878
evm.model.tig082700000140.61,72.90174772,-10.00149275,2.621751278,-3.814813722,0.000136286,0.006777579
evm.model.tig082700000192.12,68.9464041,-9.91602721,1.51457106,-6.547086151,5.87E-11,2.03E-08
evm.model.tig082700031372.96,68.72451871,-9.915063426,1.456499507,-6.807460885,9.93E-12,4.21E-09
evm.model.tig082700000075.551,67.47177061,-9.892624699,1.479662617,-6.685729966,2.30E-11,9.12E-09
evm.model.tig082700000180.181,66.02614482,-9.858541445,2.620480577,-3.762112007,0.000168485,0.008035981
evm.model.tig082700000132.240,62.81499316,-9.774656966,1.925641333,-5.076052741,3.85E-07,5.85E-05
evm.model.tig082700000444.2,62.25778624,-9.774310844,1.879590113,-5.200235294,1.99E-07,3.34E-05
evm.model.tig082700000349.18,61.8198567,-9.755352024,1.913387716,-5.098471127,3.42E-07,5.46E-05
evm.model.tig082700000172.16,60.58274285,-9.732122777,1.637979817,-5.941540106,2.82E-09,6.87E-07
evm.model.tig082700002120.179,56.5063951,-9.633870072,1.697059191,-5.676802627,1.37E-08,2.88E-06
evm.model.tig082700000075.539,56.22500349,-9.630494756,1.829030348,-5.265355364,1.40E-07,2.49E-05
evm.model.tig082700000175.7,56.44648402,-9.626174977,2.874110015,-3.349271575,0.000810243,0.026551549
evm.model.tig082700000132.108,55.86109626,-9.614489367,2.824187421,-3.404338287,0.000663246,0.02286297
evm.model.tig082700000075.314,54.76506234,-9.592552135,1.91832631,-5.00047989,5.72E-07,8.08E-05
evm.model.tig082700000296.33,11511.68627,-9.58489584,1.339930007,-7.153280985,8.47E-13,4.65E-10
evm.model.tig082700000228.46,53.66736043,-9.555929508,2.825435427,-3.382108618,0.000719317,0.024301707
evm.model.tig082700000184.140,53.64798229,-9.553425101,1.519322575,-6.287950469,3.22E-10,9.68E-08
evm.model.tig082700000206.45,50.62766276,-9.471705529,1.420781425,-6.666546568,2.62E-11,1.02E-08
evm.model.tig082700000020.353,48.25752711,-9.412375959,1.909798914,-4.928464401,8.29E-07,0.000112818
evm.model.tig082700000120.302,47.85412241,-9.389400738,2.984895072,-3.145638461,0.001657247,0.044025648
evm.model.tig082700000075.421,47.31946414,-9.37925076,2.665007465,-3.519408813,0.00043251,0.016460966
evm.model.tig082700000127.291,45.30044544,-9.30111022,1.769805398,-5.255442339,1.48E-07,2.57E-05
evm.model.tig082700000122.10,44.47981653,-9.283227112,2.865952128,-3.239142421,0.001198897,0.03466392
evm.model.tig082700000318.56,43.39787617,-9.254795187,2.907405821,-3.1831797,0.001456672,0.0397919
evm.model.tig082700000272.10,41.20366938,-9.183513557,1.575779226,-5.827918915,5.61E-09,1.30E-06
evm.model.tig082700000067.470,41.37219182,-9.167299899,1.696261787,-5.404413381,6.50E-08,1.21E-05
evm.model.tig082700000120.269,40.26265472,-9.146366282,2.684769562,-3.406760272,0.000657388,0.02270303
evm.model.tig082700000094.11,39.13708775,-9.108470764,2.004461852,-4.544097835,5.52E-06,0.000556154
evm.model.tig082700000128.197,38.22162783,-9.07303215,1.976821778,-4.589706696,4.44E-06,0.000468398
evm.model.tig082700000258.64,38.00104325,-9.0625863,2.722126338,-3.3292306,0.000870863,0.027387383
evm.model.tig082700000611.4,34.42670351,-8.921255348,2.712078923,-3.289452704,0.001003824,0.030605636
evm.model.tig082700000212.82,33.17154077,-8.871650349,2.097003779,-4.230631551,2.33E-05,0.001745338
evm.model.tig082700000283.9,29.08832664,-8.679293831,2.759843177,-3.144850368,0.001661718,0.04408162
evm.model.tig082700000195.133,28.01779456,-8.625140526,2.760773501,-3.124175353,0.001783042,0.04637649
evm.model.tig082700000113.40,23.76153037,-8.376850584,1.650037513,-5.076763721,3.84E-07,5.85E-05
evm.model.tig082700000071.488,17378.88915,-8.197919053,1.118026635,-7.33248994,2.26E-13,1.76E-10
evm.model.tig082700000127.160,26337.13117,-7.965604114,1.320361791,-6.032895049,1.61E-09,4.17E-07
evm.model.tig082700002117.291,9897.259229,-7.93102745,1.06158684,-7.470917267,7.96E-14,7.07E-11
evm.model.tig082700000128.51,3571.701113,-7.676838477,1.070443912,-7.171640095,7.41E-13,4.32E-10
evm.model.tig082700000127.77,17262.95011,-7.64462372,1.139885569,-6.706483464,1.99E-11,8.08E-09
evm.model.tig082700000221.39,11018.04791,-7.51072136,1.379171885,-5.445819658,5.16E-08,9.71E-06
evm.model.tig082700000153.307,7652.961319,-7.468890526,1.492090741,-5.005654362,5.57E-07,7.93E-05
evm.model.tig082700000120.214,12039.21793,-7.462585696,1.468945172,-5.080234332,3.77E-07,5.85E-05
evm.model.tig082700000155.26,12937.4641,-7.402125025,1.064135653,-6.955997576,3.50E-12,1.76E-09
evm.model.tig082700000132.120,6663.599447,-7.280571907,1.056922749,-6.888461731,5.64E-12,2.70E-09
evm.model.tig082700000125.250,11350.32353,-7.244788245,1.560942601,-4.641290615,3.46E-06,0.000384347
evm.model.tig082700000075.117,17557.08857,-7.23808646,1.570017836,-4.610193778,4.02E-06,0.000433663
evm.model.tig082700000127.154,4239.651489,-7.127329162,1.100655436,-6.475531696,9.45E-11,3.09E-08
evm.model.tig082700000071.192,18952.94515,-7.080912005,1.052602832,-6.727050115,1.73E-11,7.18E-09
evm.model.tig082700000427.5,3529.319764,-7.041633346,1.454279107,-4.842009565,1.29E-06,0.00016196
evm.model.tig082700000258.86,8144.946246,-7.039529853,1.382238588,-5.09284715,3.53E-07,5.57E-05
evm.model.tig082700000175.205,6449.895485,-6.940419596,1.224896849,-5.666125766,1.46E-08,3.03E-06
evm.model.tig082700000125.264,2855.895912,-6.826129657,1.238894203,-5.509856805,3.59E-08,7.12E-06
evm.model.tig082700000174.196,5905.481325,-6.802716179,1.392653583,-4.884715239,1.04E-06,0.000134141
evm.model.tig082700000071.474,4502.02674,-6.712273812,1.109074352,-6.052140508,1.43E-09,3.75E-07
evm.model.tig082700000377.53,8906.55368,-6.658470618,1.632423762,-4.078886115,4.53E-05,0.002910015
evm.model.tig082700000253.54,10201.50435,-6.632467667,1.576757625,-4.206396443,2.59E-05,0.001905097
evm.model.tig082700000160.175,2125.196826,-6.58421536,1.489058778,-4.421729658,9.79E-06,0.000875995
evm.model.tig082700000287.13,6378.384569,-6.561215244,1.446758365,-4.535114781,5.76E-06,0.000574152
evm.model.tig082700000381.16,6959.000269,-6.538260515,1.252199651,-5.22142017,1.78E-07,3.04E-05
evm.model.tig082700000128.133,1352.839053,-6.523918075,1.457405953,-4.47639044,7.59E-06,0.000715025
evm.model.tig082700000187.92,798.4133251,-6.522578299,1.314419196,-4.962327328,6.97E-07,9.62E-05
evm.model.tig082700000106.130,2733.743248,-6.451985672,1.271126046,-5.075803215,3.86E-07,5.85E-05
evm.model.tig082700000020.606,4396.244606,-6.395889639,1.508688714,-4.239369977,2.24E-05,0.001706178
evm.model.tig082700000185.42,1692.310433,-6.326813381,1.405500453,-4.501466624,6.75E-06,0.000638858
evm.model.tig082700031372.165,3252.111699,-6.324196162,1.575600243,-4.013832943,5.97E-05,0.003582325
evm.model.tig082700000195.68,1398.026947,-6.279984488,1.416939205,-4.432077585,9.33E-06,0.000844903
evm.model.tig082700000149.67,3386.987347,-6.279164308,1.466915275,-4.280522818,1.86E-05,0.001485981
evm.model.tig082700000167.44,5324.765268,-6.275871099,1.418407724,-4.424588918,9.66E-06,0.000870522
evm.model.tig082700000139.164,7579.836962,-6.267005398,1.238841167,-5.058764241,4.22E-07,6.25E-05
evm.model.tig082700000111.262,1498.508489,-6.265404959,1.327496329,-4.719715469,2.36E-06,0.000275276
evm.model.tig082700000160.67,4339.959593,-6.234387379,1.258161213,-4.955157825,7.23E-07,9.91E-05
evm.model.tig082700000075.17,3327.933678,-6.231142029,1.52441945,-4.087550856,4.36E-05,0.002832771
evm.model.tig082700000139.33,2596.089921,-6.223313824,1.612029733,-3.86054531,0.000113134,0.005844434
evm.model.tig082700000210.74,10480.78279,-6.219103831,1.329861016,-4.676506609,2.92E-06,0.000338002
evm.model.tig082700000174.33,2583.759091,-6.213114883,1.006855002,-6.170813942,6.79E-10,1.86E-07
evm.model.tig082700000151.129,1776.717299,-6.199923185,1.298784184,-4.773636192,1.81E-06,0.000217555
evm.model.tig082700000106.49,2867.283719,-6.193392571,0.962256551,-6.436321546,1.22E-10,3.87E-08
evm.model.tig082700000132.21,4150.062186,-6.186654961,1.58558351,-3.901815908,9.55E-05,0.005175843
evm.model.tig082700000111.394,28212.58261,-6.18250913,1.105357271,-5.593222473,2.23E-08,4.52E-06
evm.model.tig082700000331.50,6152.832124,-6.182120459,1.153984963,-5.357193256,8.45E-08,1.55E-05
evm.model.tig082700000127.117,980.7568792,-6.139369351,1.249658183,-4.912838915,8.98E-07,0.000120436
evm.model.tig082700000349.58,3224.562895,-6.128035369,1.403054658,-4.367638378,1.26E-05,0.001089424
evm.model.tig082700000096.32,2022.127035,-6.038418453,1.332004197,-4.533332904,5.81E-06,0.000575939
evm.model.tig082700000132.201,2377.129858,-6.00669697,0.83056906,-7.232025923,4.76E-13,2.96E-10
evm.model.tig082700000113.294,7341.274437,-6.006519127,1.187336584,-5.058817533,4.22E-07,6.25E-05
evm.model.tig082700000238.50,6803.570489,-6.006050924,1.228788717,-4.887781635,1.02E-06,0.000133343
evm.model.tig082700000351.21,4552.970985,-6.003778831,1.342339687,-4.472622607,7.73E-06,0.000724088
evm.model.tig082700000151.130,2626.78027,-5.994937797,1.415740943,-4.234487831,2.29E-05,0.001722575
evm.model.tig082700000210.51,1861.715063,-5.981473616,1.317898968,-4.538643523,5.66E-06,0.000567664
evm.model.tig082700000067.202,19668.07272,-5.967072564,1.837126625,-3.248046423,0.001162003,0.033859681
evm.model.tig082700000151.8,2866.069712,-5.966086072,1.430945982,-4.169330043,3.05E-05,0.00210534
evm.model.tig082700000393.17,5492.881334,-5.928126171,1.103898696,-5.370172272,7.87E-08,1.45E-05
evm.model.tig082700000156.36,9110.541889,-5.926995538,1.453457944,-4.077858297,4.55E-05,0.002912862
evm.model.tig082700000156.65,2534.399269,-5.924469496,1.356948322,-4.366024409,1.27E-05,0.00109242
evm.model.tig082700000292.69,3123.210161,-5.92009321,1.235340403,-4.792276848,1.65E-06,0.000199689
evm.model.tig082700000383.39,2191.146399,-5.895637994,1.462218357,-4.03198193,5.53E-05,0.003412716
evm.model.tig082700000140.218,2092.00997,-5.889693055,1.390780205,-4.234812255,2.29E-05,0.001722575
evm.model.tig082700031374.39,2651.520447,-5.832815724,1.390136051,-4.195859622,2.72E-05,0.001972575
evm.model.tig082700000195.87,4910.279163,-5.828680171,1.205672612,-4.834380504,1.34E-06,0.000163867
evm.model.tig082700000153.37,2046.805445,-5.821441213,1.44949972,-4.016172707,5.92E-05,0.003561111
evm.model.tig082700000258.58,1231.804737,-5.8087325,1.253078603,-4.63556914,3.56E-06,0.000392795
evm.model.tig082700000156.15,3272.157346,-5.7969476,1.326444812,-4.370289323,1.24E-05,0.001081311
evm.model.tig082700000136.23,3544.115451,-5.75203183,1.342664815,-4.284041531,1.84E-05,0.001468938
evm.model.tig082700000208.12,816.4476955,-5.746664429,1.486304726,-3.866410655,0.000110449,0.005753524
evm.model.tig082700000448.3,7052.582928,-5.74458912,1.362924573,-4.214898779,2.50E-05,0.001849287
evm.model.tig082700000113.70,1362.467345,-5.732024864,1.153791027,-4.967992237,6.76E-07,9.49E-05
evm.model.tig082700000310.24,16092.69669,-5.730141602,1.368435854,-4.18736588,2.82E-05,0.002008758
evm.model.tig082700000321.24,1614.104878,-5.724219795,1.3666938,-4.188370353,2.81E-05,0.002007552
evm.model.tig082700000353.28,660.7109101,-5.688317199,1.274949262,-4.461602803,8.13E-06,0.000754764
evm.model.tig082700000136.294,2417.491123,-5.655355519,1.2974662,-4.358769052,1.31E-05,0.001108734
evm.model.tig082700000433.47,869.0695253,-5.611611938,1.37469623,-4.082074144,4.46E-05,0.002881397
evm.model.tig082700000187.91,1598.678854,-5.595314302,1.200725775,-4.659943524,3.16E-06,0.000359671
evm.model.tig082700000419.15,7096.205439,-5.572870998,1.460215375,-3.816471936,0.000135373,0.006750213
evm.model.tig082700000301.10,4815.377043,-5.535916422,1.528880824,-3.620894667,0.000293586,0.012221174
evm.model.tig082700000127.40,5051.107992,-5.528003033,1.255385023,-4.403432358,1.07E-05,0.000941744
evm.model.tig082700000151.102,4839.857316,-5.519558402,1.412976144,-3.906335168,9.37E-05,0.005101782
evm.model.tig082700000283.35,1626.544465,-5.516149045,1.075465589,-5.129080004,2.91E-07,4.72E-05
evm.model.tig082700000153.24,2743.724493,-5.509914275,0.975423629,-5.648739801,1.62E-08,3.31E-06
evm.model.tig082700000195.82,2936.370867,-5.487489309,0.90526406,-6.061755407,1.35E-09,3.59E-07
evm.model.tig082700000160.172,2914.003395,-5.479722438,1.411664244,-3.881746287,0.000103709,0.005524503
evm.model.tig082700000075.609,1912.022975,-5.430422973,1.162159693,-4.672699465,2.97E-06,0.000340106
evm.model.tig082700000187.56,2224.330612,-5.427401641,1.167356536,-4.649309335,3.33E-06,0.000374258
evm.model.tig082700000434.1,2172.6635,-5.388859962,1.444413898,-3.730828102,0.000190851,0.008744934
evm.model.tig082700000149.38,3894.725483,-5.383233222,1.035642039,-5.197967078,2.01E-07,3.35E-05
evm.model.tig082700000016.27,448.8504683,-5.370307326,0.775848989,-6.921846135,4.46E-12,2.19E-09
evm.model.tig082700000163.162,8608.502771,-5.365564541,1.434475224,-3.740437236,0.0001837,0.008587906
evm.model.tig082700000223.17,1945.800941,-5.356791129,1.283946175,-4.172130604,3.02E-05,0.002092047
evm.model.tig082700000016.603,4145.47588,-5.35351912,1.105295873,-4.843516793,1.28E-06,0.000161829
evm.model.tig082700000238.35,391.7860567,-5.322937568,1.299208594,-4.097061545,4.18E-05,0.002737985
evm.model.tig082700000292.62,927.0161486,-5.305914897,1.178062635,-4.503932761,6.67E-06,0.000634707
evm.model.tig082700000172.131,3717.769186,-5.287250831,1.266253517,-4.17550732,2.97E-05,0.0020845
evm.model.tig082700000387.8,1183.634926,-5.286159902,1.328367497,-3.979440866,6.91E-05,0.004000705
evm.model.tig082700000125.19,1712.10096,-5.285057858,1.169271667,-4.519957173,6.19E-06,0.000605008
evm.model.tig082700000433.41,1270.107875,-5.284582289,1.152340311,-4.585956284,4.52E-06,0.000473468
evm.model.tig082700000393.9,4328.776809,-5.284250055,1.364671678,-3.872176831,0.000107868,0.005682553
evm.model.tig082700000283.64,8952.468684,-5.246305843,1.658173557,-3.163906348,0.001556669,0.041951324
evm.model.tig082700000020.227,3213.623528,-5.245685349,1.235326572,-4.246395623,2.17E-05,0.001667182
evm.model.tig082700000167.90,2635.76753,-5.235795579,1.497238852,-3.496967483,0.000470579,0.017657608
evm.model.tig082700000106.66,2228.065353,-5.233894719,1.224230321,-4.2752533,1.91E-05,0.001495995
evm.model.tig082700000136.188,2541.09942,-5.223434403,1.508727674,-3.462145284,0.000535888,0.019481036
evm.model.tig082700000116.199,2435.441264,-5.220785988,1.507762224,-3.462605645,0.000534972,0.019481036
evm.model.tig082700000279.44,3689.060793,-5.183361259,1.329294804,-3.899331617,9.65E-05,0.005203204
evm.model.tig082700000071.69,1572.824641,-5.168332078,1.229871758,-4.202334142,2.64E-05,0.001932013
evm.model.tig082700000020.624,2311.496968,-5.165097426,1.1843424,-4.361152168,1.29E-05,0.001105276
evm.model.tig082700000328.18,3766.955684,-5.148293349,0.842337987,-6.111909267,9.84E-10,2.66E-07
evm.model.tig082700000342.41,488.7525329,-5.147416176,1.258072997,-4.091508353,4.29E-05,0.002794589
evm.model.tig082700000149.62,763.1846612,-5.144705667,1.209563519,-4.253357169,2.11E-05,0.001622843
evm.model.tig082700002117.551,14765.44529,-5.140508316,1.153694927,-4.455691184,8.36E-06,0.000772026
evm.model.tig082700000219.25,920.382134,-5.14036763,1.240551691,-4.143614221,3.42E-05,0.002285169
evm.model.tig082700000208.41,4149.562703,-5.131641552,1.286422617,-3.989079081,6.63E-05,0.003914538
evm.model.tig082700000180.36,3000.965229,-5.126366818,0.869488953,-5.895838927,3.73E-09,8.91E-07
evm.model.tig082700000287.11,1527.367413,-5.125981685,1.22272145,-4.192272642,2.76E-05,0.001983011
evm.model.tig082700000433.50,8770.069591,-5.121333948,1.152838811,-4.442367743,8.90E-06,0.000809406
evm.model.tig082700000160.176,1293.410991,-5.115582984,1.107769294,-4.617913688,3.88E-06,0.000420272
evm.model.tig082700000433.54,4089.725926,-5.115209175,1.283053304,-3.986747208,6.70E-05,0.003940724
evm.model.tig082700000016.654,5298.810345,-5.102766994,1.18147874,-4.318966413,1.57E-05,0.001293561
evm.model.tig082700000113.167,6802.445537,-5.09804409,1.255032993,-4.062079738,4.86E-05,0.003078008
evm.model.tig082700000287.69,5020.893295,-5.068727608,1.271743579,-3.985652212,6.73E-05,0.003946493
evm.model.tig082700000433.46,1467.656593,-5.05562535,1.181807827,-4.277874317,1.89E-05,0.001491023
evm.model.tig082700000259.38,4516.494821,-5.051380357,1.29049867,-3.914285597,9.07E-05,0.004973374
evm.model.tig082700000169.9,3197.718448,-5.008293882,1.390551547,-3.601659998,0.000316192,0.012988237
evm.model.tig082700000167.184,1357.614056,-5.006310425,1.160197474,-4.31505027,1.60E-05,0.001305157
evm.model.tig082700000111.292,480.2188495,-5.004201993,1.342502957,-3.727516551,0.000193376,0.008795772
evm.model.tig082700000365.34,1269.200543,-5.002018936,1.080484738,-4.629421184,3.67E-06,0.000402258
evm.model.tig082700000426.5,711.7008092,-5.000217866,1.404253928,-3.560764734,0.000369776,0.014500835
evm.model.tig082700000184.65,2030.924057,-4.993572209,1.227611851,-4.067712612,4.75E-05,0.003021831
evm.model.tig082700000132.333,2214.606824,-4.98206954,1.246584935,-3.99657448,6.43E-05,0.003829043
evm.model.tig082700000016.906,3477.50881,-4.973175721,1.101727152,-4.513981263,6.36E-06,0.000612325
evm.model.tig082700000132.57,539.8819308,-4.971996041,1.335178681,-3.723843191,0.000196213,0.008881488
evm.model.tig082700000067.295,3082.334288,-4.967036012,1.2754166,-3.894442029,9.84E-05,0.005289707
evm.model.tig082700000225.15,725.1813113,-4.949414345,1.399993938,-3.535311268,0.000407295,0.015628901
evm.model.tig082700000127.97,1330.250469,-4.945004956,1.172588369,-4.217170397,2.47E-05,0.001845408
evm.model.tig082700000446.12,6364.366166,-4.927328322,1.141533188,-4.316412674,1.59E-05,0.001302845
evm.model.tig082700000253.17,10718.89082,-4.924176719,1.34119601,-3.671481783,0.000241148,0.010386083
evm.model.tig082700002117.359,2556.019131,-4.90862614,1.265422391,-3.879041635,0.000104869,0.005555961
evm.model.tig082700000215.105,1779.811805,-4.893821229,1.281112609,-3.819977414,0.000133464,0.006672837
evm.model.tig082700000106.167,1381.540443,-4.86640726,1.340406855,-3.630544891,0.000282824,0.011879224
evm.model.tig082700000127.112,3151.958029,-4.836593515,1.290825732,-3.7468989,0.000179034,0.008474134
evm.model.tig082700000075.324,609.4060218,-4.828335286,1.349801296,-3.577071159,0.000347466,0.014025728
evm.model.tig082700000253.65,12907.89758,-4.815526741,1.315172523,-3.661517144,0.000250726,0.010724291
evm.model.tig082700000122.333,936.4612624,-4.811353481,1.145621855,-4.199774526,2.67E-05,0.00194635
evm.model.tig082700000122.13,714.7839204,-4.801668362,0.830253758,-5.783374436,7.32E-09,1.63E-06
evm.model.tig082700000426.10,3358.814493,-4.793530534,1.469669163,-3.261639186,0.0011077,0.032737725
evm.model.tig082700000140.131,1647.580394,-4.778788135,1.236640753,-3.86433014,0.000111394,0.005786617
evm.model.tig082700031375.65,2171.512517,-4.764088164,1.227505131,-3.881114663,0.000103979,0.005524503
evm.model.tig082700000113.194,6350.161358,-4.763099471,1.154857303,-4.124405204,3.72E-05,0.002458057
evm.model.tig082700000122.83,1538.772602,-4.758338516,1.409662853,-3.375515292,0.000736776,0.024623898
evm.model.tig082700000178.225,975.0271017,-4.754377132,0.81589863,-5.827166458,5.64E-09,1.30E-06
evm.model.tig082700000122.44,199.0609836,-4.752709837,1.140574035,-4.166945494,3.09E-05,0.002108828
evm.model.tig082700000111.348,604.6117577,-4.746321977,1.270912141,-3.734579145,0.000188029,0.008699884
evm.model.tig082700000075.28,4281.090033,-4.741767402,1.014671951,-4.673202407,2.97E-06,0.000340106
evm.model.tig082700000075.34,2384.446924,-4.740394358,1.072206335,-4.42115869,9.82E-06,0.000875995
evm.model.tig082700000160.31,4353.124746,-4.736239792,1.230014031,-3.850557531,0.000117849,0.006015755
evm.model.tig082700000122.341,2625.098892,-4.723519013,1.235848605,-3.822085483,0.000132328,0.00663382
evm.model.tig082700000016.37,3467.589623,-4.71833072,1.360238593,-3.46875228,0.000522881,0.019122987
evm.model.tig082700000096.148,1630.958759,-4.688422993,1.395455037,-3.359780766,0.000780043,0.02583842
evm.model.tig082700000178.137,2412.580741,-4.684955765,1.189495667,-3.938606834,8.20E-05,0.004603612
evm.model.tig082700031372.31,4388.266926,-4.680702549,1.320928698,-3.543493722,0.000394863,0.015214452
evm.model.tig082700000122.178,8620.758789,-4.674074551,1.171572402,-3.989573793,6.62E-05,0.003914538
evm.model.tig082700000139.207,4428.678945,-4.668550484,1.173456658,-3.978460094,6.94E-05,0.004004803
evm.model.tig082700000433.2,2346.048952,-4.659689865,1.458662445,-3.194494986,0.001400757,0.039047415
evm.model.tig082700000353.24,3274.73631,-4.640958387,1.307167992,-3.5503917,0.000384658,0.014940629
evm.model.tig082700000187.165,480.1123333,-4.639667637,1.242651304,-3.733684277,0.000188699,0.008699884
evm.model.tig082700000132.75,481.7303173,-4.637703623,0.799543139,-5.800442024,6.61E-09,1.49E-06
evm.model.tig082700000016.887,880.8337791,-4.634847496,1.422755601,-3.257655422,0.001123367,0.033148221
evm.model.tig082700000206.113,2490.717025,-4.631042766,1.435408162,-3.226289837,0.001254063,0.035924761
evm.model.tig082700002117.654,2594.720506,-4.616656022,1.236592368,-3.73336933,0.000188935,0.008699884
evm.model.tig082700000167.150,961.5596771,-4.61490738,1.192627036,-3.869531077,0.000109045,0.005715926
evm.model.tig082700000153.114,3011.552645,-4.611767391,1.123050945,-4.106463212,4.02E-05,0.002647522
evm.model.tig082700000353.42,4047.433449,-4.595438867,1.368643677,-3.357659078,0.000786055,0.025928962
evm.model.tig082700000318.10,5318.666494,-4.586591925,1.015403017,-4.517016246,6.27E-06,0.000609172
evm.model.tig082700000433.7,2352.451808,-4.58365621,1.437530213,-3.18856339,0.001429817,0.039478051
evm.model.tig082700000433.32,2132.215956,-4.574727725,1.406635828,-3.252247408,0.001144963,0.033424164
evm.model.tig082700000444.14,643.8839926,-4.5645397,1.369592245,-3.33277274,0.000859851,0.027259526
evm.model.tig082700000433.27,2373.87658,-4.559571843,1.431735589,-3.184646576,0.001449309,0.039688931
evm.model.tig082700000616.9,6610.735997,-4.557712612,1.264322687,-3.604865006,0.000312315,0.012857321
evm.model.tig082700000106.385,1010.681706,-4.555327012,1.023508005,-4.450699937,8.56E-06,0.000786298
evm.model.tig082700000153.92,1401.828378,-4.550924674,1.157546565,-3.931526223,8.44E-05,0.004715072
evm.model.tig082700000151.240,2135.680556,-4.547847689,1.080527475,-4.208914436,2.57E-05,0.00189144
evm.model.tig082700000215.85,4823.313775,-4.542653476,1.460868761,-3.109556174,0.001873687,0.048030036
evm.model.tig082700000195.84,1217.705623,-4.536411362,1.273190048,-3.563027663,0.000366602,0.014455936
evm.model.tig082700000139.231,2591.601844,-4.522948048,0.986584468,-4.584450896,4.55E-06,0.000474227
evm.model.tig082700000310.32,3031.201781,-4.521858171,1.207548237,-3.744660489,0.000180638,0.008501504
evm.model.tig082700000322.59,1797.391998,-4.514682163,1.199575495,-3.763566513,0.000167507,0.008009848
evm.model.tig082700000227.46,2917.473048,-4.504018202,1.164016601,-3.869376259,0.000109114,0.005715926
evm.model.tig082700000287.41,1893.514177,-4.498038122,1.206441414,-3.728351886,0.000192736,0.008788108
evm.model.tig082700000174.231,3046.366996,-4.464781184,1.283118613,-3.479632465,0.000502102,0.018578773
evm.model.tig082700000340.16,3421.538915,-4.464192325,0.851289716,-5.244034132,1.57E-07,2.71E-05
evm.model.tig082700000259.119,2686.486206,-4.463450967,1.0377156,-4.301227588,1.70E-05,0.001377225
evm.model.tig082700000096.169,1798.382805,-4.443405106,1.198180068,-3.708461878,0.000208522,0.009303176
evm.model.tig082700000020.176,933.0464256,-4.428996045,1.374514965,-3.222224681,0.001271993,0.036271263
evm.model.tig082700000433.36,10060.33192,-4.405859476,1.159062213,-3.801227775,0.000143981,0.007066051
evm.model.tig082700000387.17,1633.997733,-4.405183101,1.406888288,-3.131153439,0.001741212,0.045542574
evm.model.tig082700000178.22,202.9195136,-4.399188975,1.116063849,-3.941700089,8.09E-05,0.004572175
evm.model.tig082700000139.132,942.6561595,-4.369880452,1.044752935,-4.182692677,2.88E-05,0.002042716
evm.model.tig082700000227.7,334.3120831,-4.324528167,1.004853891,-4.303638773,1.68E-05,0.001368263
evm.model.tig082700000172.118,1159.250229,-4.320378679,1.073284427,-4.025380945,5.69E-05,0.003466712
evm.model.tig082700031369.22,2292.789656,-4.300069081,1.291570386,-3.329333908,0.00087054,0.027387383
evm.model.tig082700000106.213,1605.40151,-4.293753613,1.371702401,-3.130237004,0.001746653,0.045557113
evm.model.tig082700031374.52,745.7180253,-4.283680549,1.137702961,-3.765201195,0.000166415,0.007978082
evm.model.tig082700000169.5,1376.169028,-4.27902464,1.238922013,-3.453828889,0.000552688,0.019903931
evm.model.tig082700000140.246,1720.528725,-4.277319368,1.242224922,-3.443272867,0.000574719,0.020415118
evm.model.tig082700002115.34,1705.000105,-4.259055899,1.219047497,-3.493757141,0.000476274,0.01779967
evm.model.tig082700031385.8,2176.386357,-4.241070829,1.156432796,-3.667373359,0.000245055,0.010530018
evm.model.tig082700000122.131,3832.96016,-4.240404652,1.064746268,-3.98254944,6.82E-05,0.003966818
evm.model.tig082700000155.34,1509.031018,-4.234927274,1.081401303,-3.916147744,9.00E-05,0.004949693
evm.model.tig082700000208.26,1138.680051,-4.217422178,1.292906056,-3.261971091,0.001106404,0.032737725
evm.model.tig082700000246.27,1021.293538,-4.208395623,0.505492405,-8.325338986,8.41E-17,1.96E-13
evm.model.tig082700000400.23,775.4433098,-4.205805256,0.836909851,-5.0253982,5.02E-07,7.26E-05
evm.model.tig082700000075.53,1610.265508,-4.196650172,1.276550424,-3.287492677,0.001010838,0.030752237
evm.model.tig082700000106.274,1751.94908,-4.177453983,1.252027583,-3.336551078,0.000848248,0.027087302
evm.model.tig082700000223.64,1155.601869,-4.172603798,1.104358845,-3.778304323,0.0001579,0.00762869
evm.model.tig082700000016.67,1620.187373,-4.159209606,1.052447868,-3.951938838,7.75E-05,0.004421042
evm.model.tig082700000448.4,2512.789271,-4.111339543,0.655940898,-6.267850591,3.66E-10,1.07E-07
evm.model.tig082700000016.703,504.6865065,-4.109952503,1.147221459,-3.582527567,0.000340286,0.013795626
evm.model.tig082700000106.331,1612.675186,-4.108970406,1.069138062,-3.84325519,0.000121413,0.006119549
evm.model.tig082700000071.224,2730.270068,-4.072835358,1.217420429,-3.345463295,0.000821452,0.026688613
evm.model.tig082700000178.158,14829.05283,-4.064329551,1.145724507,-3.54738816,0.000389071,0.015053492
evm.model.tig082700000153.242,90.2306989,-4.059206146,0.912711883,-4.447412399,8.69E-06,0.00079451
evm.model.tig082700000289.50,1399.016542,-4.037182558,1.015564643,-3.975308305,7.03E-05,0.004033242
evm.model.tig082700000136.213,1214.927387,-4.03286398,1.297684455,-3.10773853,0.001885248,0.048030036
evm.model.tig082700000116.234,3340.371963,-4.026819647,1.238087454,-3.252451701,0.00114414,0.033424164
evm.model.tig082700000227.118,3523.855864,-4.023048321,1.023306995,-3.931418763,8.44E-05,0.004715072
evm.model.tig082700000228.20,421.5898907,-3.997378608,1.224577185,-3.264292898,0.001097377,0.032691654
evm.model.tig082700000071.49,2643.129896,-3.991793339,1.104759601,-3.613268747,0.000302361,0.012502729
evm.model.tig082700000156.39,4512.380448,-3.99108334,0.973930209,-4.097915129,4.17E-05,0.002737516
evm.model.tig082700000067.82,826.5756138,-3.989761175,1.197570775,-3.331545206,0.000863653,0.027298745
evm.model.tig082700002117.563,573.5197482,-3.976385569,1.192275172,-3.335124022,0.000852614,0.027180157
evm.model.tig082700000192.128,2659.022909,-3.976217725,1.011640266,-3.930466055,8.48E-05,0.004719665
evm.model.tig082700000111.353,312.6484216,-3.974820497,0.700045219,-5.677948209,1.36E-08,2.88E-06
evm.model.tig082700000180.178,5471.39327,-3.971068967,1.17264056,-3.386433237,0.000708075,0.02396532
evm.model.tig082700000160.19,2217.472728,-3.955154933,0.78836331,-5.016919083,5.25E-07,7.53E-05
evm.model.tig082700000407.2,1775.660955,-3.945621448,1.072560926,-3.678692138,0.000234433,0.010167307
evm.model.tig082700000178.14,714.5216567,-3.941386491,1.144485907,-3.443805177,0.000573589,0.020415118
evm.model.tig082700000318.31,865.5662184,-3.938105132,1.068545952,-3.68548037,0.000228272,0.009969645
evm.model.tig082700000251.20,2254.909026,-3.9050142,1.147790673,-3.402200674,0.000668455,0.023000044
evm.model.tig082700000383.33,909.5943372,-3.88230521,1.042197374,-3.725115135,0.000195226,0.008858325
evm.model.tig082700000096.181,1714.837858,-3.861879518,1.089724958,-3.543902974,0.00039425,0.015214452
evm.model.tig082700000174.165,1663.680498,-3.861488248,1.04612221,-3.691240098,0.000223163,0.009815503
evm.model.tig082700000169.34,2277.456171,-3.842594062,1.060785703,-3.622403705,0.000291878,0.01217726
evm.model.tig082700000106.438,1009.397359,-3.83829757,1.038930435,-3.694470237,0.000220346,0.009737505
evm.model.tig082700000279.59,507.3930898,-3.823941782,1.234117738,-3.098522665,0.001944881,0.049028173
evm.model.tig082700000071.473,2405.950278,-3.819978396,1.198381981,-3.187613346,0.001434522,0.039478051
evm.model.tig082700000169.21,3296.23261,-3.808669765,0.991492913,-3.841348451,0.00012236,0.006150665
evm.model.tig082700000212.115,419.4132645,-3.770040326,0.963961563,-3.910986153,9.19E-05,0.005027029
evm.model.tig082700002120.146,323.2526553,-3.764295809,1.214902401,-3.098434744,0.001945458,0.049028173
evm.model.tig082700000287.19,4391.439119,-3.734102682,0.998489017,-3.739753387,0.000184201,0.008587906
evm.model.tig082700002115.33,817.9368908,-3.732045851,1.028814517,-3.627520597,0.000286156,0.011973269
evm.model.tig082700000169.31,1073.61835,-3.700923512,0.976355532,-3.790549028,0.000150315,0.007357528
evm.model.tig082700000020.605,1965.517462,-3.697340993,1.189559537,-3.108159683,0.001882563,0.048030036
evm.model.tig082700000175.96,582.3366514,-3.690697923,1.183111708,-3.119483899,0.001811682,0.046859987
evm.model.tig082700000340.15,2982.847594,-3.674875855,1.052676822,-3.490982015,0.000481249,0.017949612
evm.model.tig082700000074.77,670.9267667,-3.653817607,0.927651008,-3.938784709,8.19E-05,0.004603612
evm.model.tig082700000016.842,893.3315723,-3.644516361,1.17179231,-3.110206757,0.001869564,0.048024111
evm.model.tig082700000227.57,876.1187183,-3.641383943,1.059492114,-3.436914627,0.000588381,0.02086068
evm.model.tig082700000149.30,1490.497858,-3.634829371,1.125871891,-3.228457342,0.001244598,0.035843434
evm.model.tig082700000225.92,174.8663491,-3.633852102,0.921035961,-3.945396549,7.97E-05,0.004529661
evm.model.tig082700000349.37,3509.37971,-3.628660142,1.027542851,-3.531395445,0.000413373,0.015797126
evm.model.tig082700000106.123,1290.393779,-3.626730753,1.172067969,-3.094300714,0.001972774,0.049582568
evm.model.tig082700000195.5,192.2755509,-3.626195142,0.911700601,-3.977396899,6.97E-05,0.00401033
evm.model.tig082700002120.247,4170.374378,-3.616628178,0.740010785,-4.887264149,1.02E-06,0.000133343
evm.model.tig082700002117.248,588.284106,-3.613499717,1.081917767,-3.339902373,0.000838078,0.026993653
evm.model.tig082700000128.230,1073.25325,-3.613173667,0.986492633,-3.662646375,0.000249623,0.010701655
evm.model.tig082700000283.93,119.2272968,-3.607846629,1.089469124,-3.311563908,0.00092776,0.028665086
evm.model.tig082700000195.145,3118.903279,-3.595741037,1.134331631,-3.169920453,0.001524807,0.04121177
evm.model.tig082700000120.45,509.5216955,-3.589268547,1.064741804,-3.371022471,0.000748897,0.024922955
evm.model.tig082700000208.31,2224.976785,-3.582611478,1.100394912,-3.255750676,0.00113093,0.033266114
evm.model.tig082700000156.102,1865.82351,-3.569218716,0.910720128,-3.919116977,8.89E-05,0.004918133
evm.model.tig082700000125.267,422.4871257,-3.56888264,0.974992208,-3.660421706,0.0002518,0.0107456
evm.model.tig082700000160.160,6668.061871,-3.55851677,0.974774944,-3.650603446,0.000261625,0.011088734
evm.model.tig082700000127.168,1108.781618,-3.525175729,1.088006017,-3.240033302,0.001195157,0.03466392
evm.model.tig082700000254.90,194.6637777,-3.524900827,0.876730064,-4.020508673,5.81E-05,0.003527675
evm.model.tig082700000071.458,625.0379542,-3.511765335,1.073416213,-3.271578434,0.001069489,0.032022935
evm.model.tig082700000355.6,1075.532467,-3.509774212,1.13234234,-3.099569881,0.001938019,0.048973046
evm.model.tig082700000178.20,514.9731904,-3.50315623,1.089264833,-3.216073927,0.001299574,0.036943129
evm.model.tig082700000305.12,745.6975228,-3.47947507,1.012816908,-3.435443309,0.000591585,0.020932516
evm.model.tig082700000122.286,2290.264101,-3.469597666,1.027344606,-3.377248144,0.00073215,0.024513212
evm.model.tig082700000140.36,1833.152514,-3.46936786,0.989683747,-3.505531812,0.000455696,0.017237881
evm.model.tig082700000127.41,930.0235447,-3.467674122,1.081519949,-3.206296957,0.001344552,0.037819822
evm.model.tig082700000016.7,939.2310176,-3.464365314,0.915347493,-3.784754248,0.000153861,0.007491763
evm.model.tig082700000310.5,1169.339491,-3.458200406,1.032809385,-3.348343321,0.000812962,0.026551549
evm.model.tig082700000215.41,1305.544185,-3.453151452,1.021537933,-3.380345792,0.000723947,0.024340474
evm.model.tig082700000228.17,959.5460605,-3.446917488,1.073125364,-3.212036174,0.001317978,0.037247108
evm.model.tig082700000128.68,2069.483022,-3.441064088,1.027284586,-3.349669736,0.00080908,0.026551549
evm.model.tig082700000162.44,659.7786054,-3.429479019,0.988689838,-3.468710699,0.000522962,0.019122987
evm.model.tig082700000246.43,405.1364041,-3.423556257,0.917912473,-3.729719724,0.000191693,0.008761962
evm.model.tig082700000225.1,6145.946052,-3.41438805,1.071192068,-3.187465771,0.001435254,0.039478051
evm.model.tig082700000127.78,689.3445713,-3.404067512,1.038832605,-3.276820054,0.001049833,0.031628961
evm.model.tig082700000175.25,1491.389007,-3.398376226,0.841896204,-4.036573879,5.42E-05,0.00336038
evm.model.tig082700031372.128,459.9696418,-3.379785862,1.059577852,-3.189747553,0.001423971,0.039478051
evm.model.tig082700000151.259,700.2328176,-3.370878884,1.070869905,-3.147794955,0.00164507,0.043764506
evm.model.tig082700000162.182,647.9788409,-3.368646026,1.010629043,-3.333217119,0.000858479,0.027259526
evm.model.tig082700000106.185,2078.111072,-3.367148918,1.073881906,-3.135492737,0.001715657,0.045010854
evm.model.tig082700000367.32,156.0053596,-3.360067087,0.920146375,-3.65166584,0.000260545,0.011068108
evm.model.tig082700000020.123,2157.585806,-3.356004572,0.974029465,-3.445485678,0.000570034,0.02040416
evm.model.tig082700000175.168,673.0965337,-3.355548781,0.921721234,-3.640524549,0.000272083,0.011479817
evm.model.tig082700000149.260,6158.488706,-3.343416137,0.96338201,-3.470498829,0.000519493,0.019108516
evm.model.tig082700000075.393,2580.908367,-3.342510076,0.941574162,-3.549916948,0.000385353,0.014940629
evm.model.tig082700000225.64,1559.384708,-3.324622542,1.039228158,-3.199126694,0.001378446,0.038540683
evm.model.tig082700000067.215,1678.049133,-3.319205234,0.977791872,-3.394592786,0.000687307,0.023389775
evm.model.tig082700000258.83,331.5182371,-3.313256195,1.041045445,-3.182623978,0.00145947,0.0397919
evm.model.tig082700000184.74,1475.1855,-3.235000418,0.849367854,-3.808715389,0.000139691,0.006891774
evm.model.tig082700000122.8,1107.359411,-3.230781142,0.990176728,-3.262832836,0.001103046,0.032715647
evm.model.tig082700031372.136,4906.156049,-3.227869671,1.042562796,-3.096091366,0.001960899,0.049350622
evm.model.tig082700000136.129,1825.43994,-3.225224904,0.398682656,-8.089704568,5.98E-16,1.01E-12
evm.model.tig082700000331.15,1520.349391,-3.218877786,0.931996032,-3.453746235,0.000552857,0.019903931
evm.model.tig082700000195.116,739.8675799,-3.21574965,1.031510783,-3.117514332,0.001823831,0.047043735
evm.model.tig082700000407.6,590.6145145,-3.211680905,0.979174975,-3.27998671,0.00103812,0.031326692
evm.model.tig082700000122.302,1443.881607,-3.201829521,0.870335999,-3.678843028,0.000234294,0.010167307
evm.model.tig082700000147.153,772.536894,-3.197346004,0.843688199,-3.789724698,0.000150814,0.007362661
evm.model.tig082700000219.32,1040.306428,-3.193074542,1.018386648,-3.135424595,0.001716055,0.045010854
evm.model.tig082700000136.110,216.6775307,-3.154512523,0.918356267,-3.434955079,0.000592652,0.020932516
evm.model.tig082700000136.130,3519.705781,-3.134830706,0.963436578,-3.253800797,0.001138721,0.033389949
evm.model.tig082700000196.40,1795.444217,-3.125186862,0.930985956,-3.356857149,0.000788338,0.025928962
evm.model.tig082700000128.206,4628.388127,-3.122733651,0.989004766,-3.157450558,0.001591552,0.042461885
evm.model.tig082700000020.213,421.7364826,-3.108059073,0.922528257,-3.36906653,0.000754232,0.025027894
evm.model.tig082700000128.249,1890.310106,-3.092957469,0.970056838,-3.18842912,0.001430481,0.039478051
evm.model.tig082700000221.3,3163.611229,-3.08082389,0.861098869,-3.577781831,0.000346522,0.014018
evm.model.tig082700031369.62,8718.334582,-3.064810187,0.893155888,-3.431439269,0.000600388,0.021085927
evm.model.tig082700000153.193,1013.493071,-3.064560487,0.707534992,-4.331320038,1.48E-05,0.001233982
evm.model.tig082700000210.86,1114.222484,-3.062025002,0.961983222,-3.183033688,0.001457407,0.0397919
evm.model.tig082700002117.130,698.9066145,-3.055372865,0.964321472,-3.16841733,0.001532713,0.041365515
evm.model.tig082700000240.32,890.880038,-3.052854659,0.982152741,-3.108329826,0.00188148,0.048030036
evm.model.tig082700000167.144,8287.95852,-3.038326543,0.907790281,-3.346947646,0.000817066,0.026592446
evm.model.tig082700000178.11,1167.170607,-3.035956262,0.909294327,-3.338804798,0.000841397,0.027014138
evm.model.tig082700000120.148,226.1743476,-3.033788387,0.826288264,-3.671585959,0.00024105,0.010386083
evm.model.tig082700000127.170,713.4169894,-3.01761568,0.929498598,-3.246498366,0.001168341,0.033991256
evm.model.tig082700000212.46,2895.122196,-3.015136118,0.81576013,-3.696106253,0.000218931,0.009697984
evm.model.tig082700000139.173,364.5456702,-3.004958241,0.828417284,-3.62734856,0.000286347,0.011973269
evm.model.tig082700000428.23,546.5764468,-2.993394127,0.84039284,-3.561898656,0.000368183,0.014485729
evm.model.tig082700000140.9,85.21876938,-2.972646946,0.905645636,-3.282351097,0.001029453,0.03121671
evm.model.tig082700000132.121,684.986172,-2.955706449,0.927684227,-3.186112647,0.001441984,0.039604664
evm.model.tig082700000075.60,1346.799729,-2.950607711,0.688626924,-4.2847696,1.83E-05,0.001468938
evm.model.tig082700000331.12,421.3342833,-2.940648138,0.880333105,-3.340381182,0.000836635,0.026993653
evm.model.tig082700000071.549,831.2444369,-2.92336559,0.939091034,-3.112973593,0.001852126,0.047641787
evm.model.tig082700000196.135,2345.624029,-2.916832205,0.908108069,-3.211987984,0.001318199,0.037247108
evm.model.tig082700000444.1,895.3087343,-2.907191892,0.712200337,-4.081986124,4.47E-05,0.002881397
evm.model.tig082700000016.819,875.0942611,-2.893585131,0.927433487,-3.119992078,0.001808559,0.046844191
evm.model.tig082700000151.98,121.1106004,-2.857470308,0.625579266,-4.567719014,4.93E-06,0.000508016
evm.model.tig082700000440.2,331.3353323,-2.852960172,0.741322,-3.848476334,0.000118855,0.006039571
evm.model.tig082700000251.72,1106.941315,-2.837225279,0.826779336,-3.43165964,0.0005999,0.021085927
evm.model.tig082700000156.58,1067.105313,-2.8112208,0.847053136,-3.318824616,0.000903972,0.028285522
evm.model.tig082700000156.69,587.1942783,-2.795467402,0.899708971,-3.107079615,0.001889455,0.048071552
evm.model.tig082700000127.248,4881.437667,-2.785777488,0.840884193,-3.312914564,0.000923292,0.028649698
evm.model.tig082700002120.81,279.7644967,-2.70197878,0.86221953,-3.133748059,0.00172589,0.045205221
evm.model.tig082700002120.174,4728.460598,-2.675896917,0.836724568,-3.198061845,0.001383546,0.038625375
evm.model.tig082700000251.8,1588.901892,-2.568492949,0.65140307,-3.943016342,8.05E-05,0.004560966
evm.model.tig082700000020.26,141.9388646,-2.538310019,0.710188943,-3.574133398,0.00035139,0.014122991
evm.model.tig082700000167.128,253.9813297,-2.518885055,0.786720529,-3.201753305,0.001365939,0.038248349
evm.model.tig082700000219.37,621.5233351,-2.512881034,0.672232808,-3.738111266,0.000185408,0.008622623
evm.model.tig082700000067.111,41.71680078,-2.503309935,0.731655181,-3.421434031,0.000622918,0.021713653
evm.model.tig082700000174.9,443.2488332,-2.493669799,0.766325602,-3.254060405,0.001137681,0.033389949
evm.model.tig082700000016.853,979.5250174,-2.48042781,0.730110668,-3.39733128,0.000680465,0.0232844
evm.model.tig082700000106.405,438.3820234,-2.448229964,0.787659368,-3.108234426,0.001882087,0.048030036
evm.model.tig082700000128.107,563.9916112,-2.447450756,0.748250107,-3.270899304,0.001072061,0.032039841
evm.model.tig082700000175.38,132.9527563,-2.431556652,0.582109483,-4.177146608,2.95E-05,0.002083375
evm.model.tig082700000071.80,1540.460441,-2.419236854,0.43983811,-5.500289307,3.79E-08,7.44E-06
evm.model.tig082700000353.39,279.6561034,-2.388270075,0.726816329,-3.285933431,0.00101645,0.030872608
evm.model.tig082700000071.48,688.0223171,-2.355136343,0.72699655,-3.239542669,0.001197216,0.03466392
evm.model.tig082700000322.41,394.0470856,-2.312032668,0.747888473,-3.091413695,0.001992059,0.049865644
evm.model.tig082700000301.50,2252.120011,-2.30251656,0.66520253,-3.461376731,0.00053742,0.019498733
evm.model.tig082700000290.37,2655.113038,-2.295313347,0.390736298,-5.874328432,4.25E-09,1.00E-06
evm.model.tig082700000611.5,279.032241,-2.295018064,0.692580797,-3.313718879,0.00092064,0.028615031
evm.model.tig082700000219.23,90.47714263,-2.294793798,0.691978965,-3.316276813,0.000912254,0.028449212
evm.model.tig082700031374.41,208.8931648,-2.287911721,0.664278293,-3.444206659,0.000572738,0.020415118
evm.model.tig082700000106.273,1261.700263,-2.285221856,0.69804561,-3.273742893,0.001061331,0.031872412
evm.model.tig082700000156.145,544.9761242,-2.279772547,0.657912091,-3.465162863,0.00052991,0.01933914
evm.model.tig082700000167.104,256.2267219,-2.252587315,0.674013374,-3.342051366,0.000831617,0.026925034
evm.model.tig082700000075.63,712.7491799,-2.252320193,0.60225115,-3.739835439,0.000184141,0.008587906
evm.model.tig082700000497.4,547.1473839,-2.252241989,0.720676334,-3.125178227,0.001776974,0.046283213
evm.model.tig082700000196.36,228.8931416,-2.224440605,0.681772751,-3.262730291,0.001103445,0.032715647
evm.model.tig082700000187.99,2460.498006,-2.158535066,0.687092676,-3.141548646,0.001680569,0.044266849
evm.model.tig082700000162.2,97.47000137,-2.139905977,0.672738534,-3.18088807,0.001468243,0.03997266
evm.model.tig082700000296.56,110.5633515,-2.138284443,0.622909391,-3.432737528,0.00059752,0.021064565
evm.model.tig082700000372.16,265.4129423,-2.097727247,0.620890701,-3.378577329,0.000728619,0.02443889
evm.model.tig082700000196.62,1367.656063,-2.071311812,0.651634286,-3.178641544,0.00147967,0.040225011
evm.model.tig082700000270.52,78.04093306,-1.978388299,0.547454324,-3.613796096,0.000301746,0.012502729
evm.model.tig082700000156.203,185.1955983,-1.974693014,0.452864539,-4.360449637,1.30E-05,0.001105276
evm.model.tig082700000172.79,216.8341901,-1.970558639,0.529268625,-3.723172971,0.000196735,0.008883546
evm.model.tig082700000301.1,428.0228085,-1.902454696,0.5321859,-3.574793498,0.000350504,0.014117834
evm.model.tig082700000246.36,472.2075429,-1.862024544,0.53667463,-3.469559469,0.000521313,0.019122987
evm.model.tig082700000106.247,297.5323042,-1.848842766,0.382564493,-4.83276101,1.35E-06,0.000164126
evm.model.tig082700000301.47,135.0351042,-1.61945411,0.523533556,-3.093314823,0.00197934,0.049613869
evm.model.tig082700000175.102,316.8677804,-1.597082266,0.432967226,-3.6886909,0.000225411,0.00986781
evm.model.tig082700000192.160,272.1182536,-1.596889724,0.479113886,-3.333006559,0.000859129,0.027259526
evm.model.tig082700002117.200,1400.353147,-1.582393641,0.463404526,-3.414713393,0.000638492,0.022173611
evm.model.tig082700002120.293,111.057499,-1.537651469,0.407186287,-3.776285,0.000159185,0.007670899
evm.model.tig082700000139.13,483.2932841,-1.499163157,0.329113071,-4.555161393,5.23E-06,0.000536368
evm.model.tig082700000174.125,277.1291772,-1.479502994,0.366497771,-4.036867645,5.42E-05,0.00336038
evm.model.tig082700000132.173,213.6942412,-1.478106661,0.411834054,-3.589083143,0.000331843,0.013533123
evm.model.tig082700000272.31,441.1923552,-1.38008799,0.317006998,-4.353493764,1.34E-05,0.001130626
evm.model.tig082700000296.46,342.5418537,-1.354346446,0.358204329,-3.780932657,0.000156242,0.007587906
evm.model.tig082700000113.305,227.1504395,-1.290728259,0.40045471,-3.223156647,0.001267862,0.036208818
evm.model.tig082700000151.192,189.1196881,-1.269974841,0.394935748,-3.215649248,0.001301498,0.036943129
evm.model.tig082700000611.1,241.9696315,-1.228803885,0.379343948,-3.23928691,0.00119829,0.03466392
evm.model.tig082700000075.163,221.9883897,-1.199726089,0.386424716,-3.104682591,0.001904833,0.04833093
evm.model.tig082700000071.537,758.3799193,-1.193044177,0.372330341,-3.204262572,0.001354089,0.037973549
evm.model.tig082700000351.29,264.1007194,-1.157025623,0.325906473,-3.550176878,0.000384972,0.014940629
evm.model.tig082700000227.112,335.1399863,-1.149569081,0.311634438,-3.688838397,0.00022528,0.00986781
evm.model.tig082700000178.191,383.7832655,-1.090176098,0.351687248,-3.099845401,0.001936217,0.048973046
evm.model.tig082700000310.18,203.8272211,-1.073160646,0.327054656,-3.281288394,0.00103334,0.031283706
evm.model.tig082700000407.4,339.2574952,-1.066994156,0.298860826,-3.57020413,0.000356703,0.014211842
evm.model.tig082700000149.95,471.6095306,1.200113834,0.335926592,3.572547877,0.000353525,0.014178246
evm.model.tig082700000136.281,253.9522029,1.200870203,0.362604419,3.311791422,0.000927006,0.028665086
evm.model.tig082700000185.57,345.1197974,1.217502423,0.361200034,3.370715144,0.000749733,0.024922955
evm.model.tig082700000136.299,411.3979224,1.256137671,0.376470289,3.336618338,0.000848043,0.027087302
evm.model.tig082700000075.319,184.1758961,1.267707904,0.39895963,3.17753429,0.001485331,0.040261544
evm.model.tig082700000223.108,235.1421155,1.272757726,0.390905487,3.255921877,0.001130248,0.033266114
evm.model.tig082700000071.177,277.5907299,1.315896465,0.315072524,4.176487525,2.96E-05,0.002083375
evm.model.tig082700000172.197,221.9072063,1.362867879,0.410891363,3.316856963,0.000910362,0.02843776
evm.model.tig082700000106.258,182.1628814,1.37425113,0.434757435,3.160960614,0.001572498,0.042194975
evm.model.tig082700000175.115,257.2030062,1.384118562,0.395953631,3.495658209,0.000472894,0.017708836
evm.model.tig082700000185.107,200.8659455,1.400187045,0.410215749,3.413294222,0.000641826,0.022206706
evm.model.tig082700000196.87,230.6246015,1.441734705,0.448787883,3.21250809,0.001315814,0.037247108
evm.model.tig082700000360.24,176.3100683,1.487442048,0.440047994,3.380181405,0.00072438,0.024340474
evm.model.tig082700000125.98,202.1662308,1.503652095,0.476125893,3.158097712,0.001588023,0.042428431
evm.model.tig082700000156.120,168.8943664,1.508554159,0.457533945,3.297141502,0.000976743,0.029959336
evm.model.tig082700000184.107,307.6351731,1.574169057,0.464467681,3.38918965,0.000700995,0.023768832
evm.model.tig082700000215.50,120.2898821,1.610827249,0.460127845,3.500825405,0.00046382,0.017509659
evm.model.tig082700000147.84,54.0510292,1.618518099,0.51829276,3.1227874,0.001791471,0.046466124
evm.model.tig082700000180.166,169.0228582,1.6774973,0.518645837,3.234379184,0.001219075,0.035192766
evm.model.tig082700000287.12,150.8832534,1.678144535,0.53848928,3.11639358,0.001830777,0.047157692
evm.model.tig082700000184.86,107.245522,1.705346309,0.491160852,3.472072951,0.000516456,0.019034363
evm.model.tig082700000120.69,171.6218011,1.754017928,0.545418552,3.215911747,0.001300308,0.036943129
evm.model.tig082700000393.28,203.0320257,1.762865516,0.469367128,3.755835064,0.000172764,0.008219092
evm.model.tig082700000162.99,76.87937959,1.873351458,0.561099162,3.338717264,0.000841662,0.027014138
evm.model.tig082700000215.12,103.187938,1.883091744,0.576649933,3.265571775,0.001092433,0.032596458
evm.model.tig082700000367.13,132.6585475,1.883292811,0.509354612,3.697409952,0.00021781,0.009671302
evm.model.tig082700000223.7,96.85719029,1.885706987,0.599933773,3.14319192,0.001671162,0.044143776
evm.model.tig082700000195.80,64.7863581,1.887885285,0.600428159,3.144231756,0.001665235,0.04411217
evm.model.tig082700000156.118,151.7973466,1.889247095,0.546415006,3.4575315,0.000545149,0.01970247
evm.model.tig082700000116.208,150.3796008,1.895699652,0.506167734,3.745200506,0.00018025,0.008501504
evm.model.tig082700000351.16,58.56103656,2.026734936,0.596237226,3.399208986,0.000675811,0.023167631
evm.model.tig082700000147.168,156.9944886,2.070691501,0.454881471,4.552156188,5.31E-06,0.000541115
evm.model.tig082700000167.166,89.07388378,2.105619712,0.670865671,3.138660695,0.001697218,0.044642352
evm.model.tig082700000136.77,61.20384455,2.143844779,0.641271273,3.34311682,0.00082843,0.026868512
evm.model.tig082700000259.121,49.22121004,2.170565999,0.563766879,3.850112663,0.000118064,0.006015755
evm.model.tig082700000120.121,55.69927131,2.188522205,0.566713247,3.861780572,0.000112564,0.005831109
evm.model.tig082700031369.24,155.3693915,2.197774531,0.399714877,5.4983556,3.83E-08,7.45E-06
evm.model.tig082700000195.36,112.5339693,2.224805571,0.662761136,3.356873919,0.000788291,0.025928962
evm.model.tig082700000273.5,41.9265372,2.257381335,0.722772828,3.12322385,0.001788816,0.04646189
evm.model.tig082700000156.141,142.8772481,2.313840493,0.51274693,4.512636466,6.40E-06,0.000612325
evm.model.tig082700002118.105,127.7226342,2.337627311,0.551238981,4.240678526,2.23E-05,0.001703212
evm.model.tig082700000290.53,79.06180865,2.389957845,0.685517544,3.486355479,0.00048965,0.018226508
evm.model.tig082700000212.53,34.45565219,2.407212793,0.722362329,3.332417399,0.00086095,0.027259526
evm.model.tig082700000195.20,109.5716848,2.501539178,0.508385367,4.920557002,8.63E-07,0.000116621
evm.model.tig082700000210.105,191.3439539,2.54465425,0.455725145,5.583747742,2.35E-08,4.72E-06
evm.model.tig082700000208.88,51.23536432,2.561017968,0.692274531,3.699425377,0.000216088,0.009617728
evm.model.tig082700000246.72,37.30004061,2.56794014,0.756326941,3.395277891,0.00068559,0.023389775
evm.model.tig082700000020.378,181.4332765,2.576074174,0.502735095,5.124118443,2.99E-07,4.81E-05
evm.model.tig082700000277.52,70.20604066,2.612363135,0.837876581,3.117837629,0.001821831,0.047043735
evm.model.tig082700002120.400,106.2229363,2.616675979,0.820926932,3.187465142,0.001435258,0.039478051
evm.model.tig082700000175.73,46.14463485,2.691140679,0.834365851,3.225372511,0.001258089,0.035984806
evm.model.tig082700000127.23,153.7260816,2.69806451,0.853504576,3.161159982,0.001571422,0.042194975
evm.model.tig082700000116.108,38.82862716,2.742809964,0.838394682,3.271502103,0.001069778,0.032022935
evm.model.tig082700000298.13,43.0565985,2.751712684,0.840181492,3.275140798,0.001056093,0.031766263
evm.model.tig082700002117.140,95.69561209,2.80845314,0.781103846,3.595492655,0.000323778,0.013270639
evm.model.tig082700000372.20,35.21187974,2.83489672,0.851057006,3.331030354,0.000865252,0.027303009
evm.model.tig082700000160.50,34.9828154,2.842830859,0.891857154,3.187540567,0.001434883,0.039478051
evm.model.tig082700000195.136,56.04425005,2.887053094,0.808623587,3.570330053,0.000356532,0.014211842
evm.model.tig082700000228.43,76.82908073,2.916842532,0.871331958,3.347567485,0.000815241,0.026579434
evm.model.tig082700000298.18,48.26251734,2.977047452,0.800492455,3.719020004,0.000199997,0.00896574
evm.model.tig082700000132.300,42.68549528,3.042312859,0.914379449,3.32718858,0.00087727,0.027496143
evm.model.tig082700002117.345,60.12043145,3.044760915,0.807087771,3.772527628,0.000161602,0.007767312
evm.model.tig082700000016.542,64.38757526,3.057956489,0.877822295,3.483571225,0.000494771,0.018380464
evm.model.tig082700000273.61,37.53816194,3.07377884,0.941837014,3.263599536,0.001100065,0.032715647
evm.model.tig082700000156.29,86.06589437,3.099652224,0.533300006,5.812211118,6.17E-09,1.40E-06
evm.model.tig082700000331.11,96.34922105,3.115671462,0.911271605,3.419037141,0.000628431,0.02186496
evm.model.tig082700000016.79,733.2225061,3.120013144,0.78339712,3.982671194,6.81E-05,0.003966818
evm.model.tig082700000120.108,37.98837114,3.138895081,0.778613784,4.031389048,5.54E-05,0.003412716
evm.model.tig082700000163.70,34.38548479,3.178311617,0.996189194,3.19046988,0.001420416,0.039478051
evm.model.tig082700000113.12,52.61157656,3.1888368,0.888582661,3.588677722,0.000332359,0.013533123
evm.model.tig082700000270.70,49.52387038,3.203832678,0.998475474,3.208724463,0.001333252,0.037615455
evm.model.tig082700002117.562,29.45095548,3.207124352,0.944643023,3.395064881,0.000686123,0.023389775
evm.model.tig082700000067.307,51.26087532,3.22456837,0.999078299,3.227543199,0.001248582,0.035843434
evm.model.tig082700000016.378,27.00880216,3.231275253,0.905198999,3.569684961,0.000357411,0.014211842
evm.model.tig082700000016.59,31.67014035,3.235511687,1.04159784,3.106296464,0.001894467,0.048133394
evm.model.tig082700002117.2,24.78430025,3.281570504,0.9515492,3.448660882,0.000563374,0.020204533
evm.model.tig082700002120.106,142.1640763,3.298076111,0.987963785,3.33825608,0.00084306,0.027014138
evm.model.tig082700000153.116,50.29898723,3.299575841,0.997759556,3.306984955,0.00094306,0.029069616
evm.model.tig082700000187.139,55.46140113,3.309310532,1.0391139,3.184742821,0.001448827,0.039688931
evm.model.tig082700000195.112,68.87884932,3.347598222,0.804798131,4.159550195,3.19E-05,0.002162436
evm.model.tig082700000139.230,70.87192363,3.357117771,0.902288698,3.720669203,0.000198696,0.008928852
evm.model.tig082700000273.44,27.75833536,3.404437175,1.01411793,3.357042682,0.00078781,0.025928962
evm.model.tig082700000075.461,24.72910794,3.40542267,0.916015605,3.717647006,0.000201087,0.008992976
evm.model.tig082700000298.60,58.71607074,3.407000636,1.010714066,3.370884754,0.000749272,0.024922955
evm.model.tig082700000067.43,151.2490609,3.409655731,1.097092518,3.107901728,0.001884207,0.048030036
evm.model.tig082700000196.89,85.08298714,3.449748283,0.924368592,3.732005082,0.000189962,0.008725604
evm.model.tig082700000331.1,57.7340858,3.513291933,0.809052816,4.34247538,1.41E-05,0.001178201
evm.model.tig082700000149.56,59.80747165,3.52390844,0.998759128,3.528286593,0.000418259,0.015951151
evm.model.tig082700031386.4,32.15437411,3.54444892,1.121167826,3.161390148,0.00157018,0.042194975
evm.model.tig082700000125.251,30.85946474,3.580896685,0.867420831,4.128211541,3.66E-05,0.002426332
evm.model.tig082700000349.25,47.4094359,3.584475248,1.110646158,3.227378245,0.001249302,0.035843434
evm.model.tig082700000215.38,171.9079623,3.599287563,1.02402911,3.514829343,0.000440037,0.016679357
evm.model.tig082700000184.148,50.42458918,3.688297768,0.911168623,4.047876184,5.17E-05,0.003223625
evm.model.tig082700000187.111,19.54815935,3.712350541,1.050352464,3.534385523,0.000408724,0.015651544
evm.model.tig082700031374.35,65.51010344,3.743423752,0.924483236,4.049206741,5.14E-05,0.00321611
evm.model.tig082700031375.22,48.19571519,3.765735265,0.903994889,4.165659906,3.10E-05,0.002113008
evm.model.tig082700000125.44,82.9715982,3.771502075,1.21914392,3.093565914,0.001977666,0.049613869
evm.model.tig082700000163.179,27.65350322,3.771562037,1.085940734,3.473082757,0.000514517,0.019000439
evm.model.tig082700000292.40,24.73854858,3.814877053,1.090682547,3.497696983,0.000469294,0.017644887
evm.model.tig082700000071.507,51.66365591,3.850961515,1.082337557,3.558004146,0.000373683,0.014579126
evm.model.tig082700000272.53,79.28079655,3.852090811,1.054000315,3.654734023,0.000257449,0.010961556
evm.model.tig082700000147.96,64.58394998,3.945580012,0.782095051,5.044885536,4.54E-07,6.66E-05
evm.model.tig082700000140.111,51.30487556,3.947691909,0.873465296,4.519574992,6.20E-06,0.000605008
evm.model.tig082700000219.42,70.01034755,3.991964499,1.165508849,3.425082961,0.000614612,0.021495249
evm.model.tig082700000365.6,20.82919813,4.037979921,1.078466901,3.744185303,0.00018098,0.008501504
evm.model.tig082700000272.42,35.17269325,4.072849058,1.144202715,3.559551997,0.000371488,0.014523856
evm.model.tig082700000113.281,72.22881166,4.124956362,0.689512872,5.982421114,2.20E-09,5.48E-07
evm.model.tig082700000067.62,41.98282611,4.311885952,1.073678543,4.01599341,5.92E-05,0.003561111
evm.model.tig082700000180.152,130.4645242,4.32449652,1.045702662,4.135493463,3.54E-05,0.00235905
evm.model.tig082700000187.14,92.8546484,4.326432662,1.369851665,3.158322009,0.001586802,0.042428431
evm.model.tig082700000196.57,70.816585,4.467211147,0.923943824,4.834938045,1.33E-06,0.000163867
evm.model.tig082700000407.16,91.94495504,4.518955957,0.976930851,4.625666141,3.73E-06,0.00040722
evm.model.tig082700000435.1,38.86076774,4.532545593,0.87376169,5.187393367,2.13E-07,3.49E-05
evm.model.tig082700000067.213,52.27859525,4.586161436,1.260109221,3.63949518,0.000273173,0.011499784
evm.model.tig082700000122.130,35.50617755,4.587748782,1.191037495,3.851892824,0.000117208,0.006012878
evm.model.tig082700000116.262,62.83992111,4.589809478,0.939124262,4.887329254,1.02E-06,0.000133343
evm.model.tig082700000016.57,25.9868792,4.60880366,1.004232088,4.589380998,4.45E-06,0.000468398
evm.model.tig082700002120.252,38.3807931,4.608828911,1.466869793,3.141948205,0.001678277,0.044266849
evm.model.tig082700000071.419,52.08641357,4.635207501,1.458633242,3.177774485,0.001484101,0.040261544
evm.model.tig082700000308.52,26.29342194,4.659117472,1.432616928,3.252172568,0.001145265,0.033424164
evm.model.tig082700000151.131,30.16152288,4.674713232,1.272806727,3.672759684,0.000239945,0.010382219
evm.model.tig082700000096.270,37.46107553,4.722385021,1.462865778,3.228173829,0.001245832,0.035843434
evm.model.tig082700000139.198,35.06726038,4.816434481,1.532098644,3.143684318,0.001668353,0.044132081
evm.model.tig082700000334.59,23.23860235,4.861439353,1.451684982,3.348825272,0.00081155,0.026551549
evm.model.tig082700000120.242,28.50115131,4.890417295,1.420183439,3.443511001,0.000574213,0.020415118
evm.model.tig082700000067.1,26.27885719,4.976018489,1.225068226,4.061829686,4.87E-05,0.003078008
evm.model.tig082700000184.67,27.60852704,5.035205848,1.111185607,4.531381451,5.86E-06,0.00057821
evm.model.tig082700000067.198,31.81586003,5.081009226,1.30641118,3.889287923,0.000100539,0.005372343
evm.model.tig082700000365.18,18.91895162,5.14239572,1.321634447,3.890936507,9.99E-05,0.005351302
evm.model.tig082700000075.540,23.05008914,5.152506874,1.374213002,3.749423754,0.000177241,0.008410622
evm.model.tig082700000185.132,37.2206288,5.154697436,1.379803967,3.735818681,0.000187105,0.008679925
evm.model.tig082700000195.109,141.4630779,5.187587399,1.642166477,3.15898995,0.001583169,0.042420299
evm.model.tig082700000254.71,50.03873946,5.220390756,0.918664365,5.682587631,1.33E-08,2.88E-06
evm.model.tig082700000127.242,14.21557537,5.232370745,1.543809546,3.389259225,0.000700817,0.023768832
evm.model.tig082700031372.133,35.81936334,5.233271535,0.995481114,5.257027443,1.46E-07,2.57E-05
evm.model.tig082700000253.77,48.51227457,5.24658749,1.58830044,3.303271445,0.000955638,0.029360296
evm.model.tig082700000253.8,17.55616938,5.286024485,1.588161647,3.328391979,0.000873489,0.027423722
evm.model.tig082700000509.13,21.27918583,5.29099132,1.484667217,3.563755743,0.000365586,0.014455936
evm.model.tig082700000272.66,72.91620212,5.296315164,0.839096545,6.311925839,2.76E-10,8.43E-08
evm.model.tig082700000122.59,18.03561705,5.302821107,1.663397506,3.187945809,0.001432874,0.039478051
evm.model.tig082700000128.3,14.70687256,5.310521819,1.711361823,3.103097047,0.001915068,0.048524604
evm.model.tig082700000136.300,27.51642165,5.402527352,1.53664974,3.515783208,0.000438459,0.016653399
evm.model.tig082700000127.219,19.37180023,5.413349146,1.645746313,3.289297447,0.001004378,0.030605636
evm.model.tig082700000321.21,19.27038171,5.443786922,1.527306747,3.5643049,0.000364822,0.014455936
evm.model.tig082700000016.339,20.51337297,5.522696047,1.560792556,3.538392098,0.000402572,0.015479507
evm.model.tig082700000106.358,78.07514147,5.542645988,1.308803976,4.234893911,2.29E-05,0.001722575
evm.model.tig082700000349.9,21.33713614,5.590578362,1.533484384,3.645670228,0.000266696,0.011278027
evm.model.tig082700000296.58,41.37154185,5.599350816,1.552827507,3.605906509,0.000311065,0.012834189
evm.model.tig082700000128.63,13.95502731,5.603652228,1.569771104,3.569725685,0.000357355,0.014211842
evm.model.tig082700000400.22,27.25764276,5.622994943,1.454116194,3.866950226,0.000110205,0.005753524
evm.model.tig082700000075.158,76.01211346,5.678726159,0.832010127,6.825308943,8.77E-12,3.90E-09
evm.model.tig082700000149.140,20.50717337,5.788963834,1.678004639,3.449909315,0.000560775,0.020150079
evm.model.tig082700000147.154,26.48746248,5.822780424,1.46220119,3.982201946,6.83E-05,0.003966818
evm.model.tig082700000149.39,21.80720508,5.854830559,1.536519348,3.810450267,0.000138714,0.00686174
evm.model.tig082700000153.86,44.74981863,5.92623833,1.388115397,4.269269215,1.96E-05,0.001524523
evm.model.tig082700000075.58,15.13842991,5.967349229,1.568692718,3.804026857,0.000142363,0.007005073
evm.model.tig082700000139.233,41.96457087,5.990146133,1.255397114,4.771514978,1.83E-06,0.000217555
evm.model.tig082700000217.28,27.82054284,6.168520028,1.342201703,4.595821934,4.31E-06,0.000461988
evm.model.tig082700000195.6,8.961798565,6.27966604,1.959279513,3.205089421,0.001350205,0.037921654
evm.model.tig082700000067.63,36.31460335,6.285189973,1.472225289,4.26917675,1.96E-05,0.001524523
evm.model.tig082700000289.29,9.02872874,6.291869796,1.981621955,3.175111065,0.001497792,0.040540371
evm.model.tig082700000238.27,31.01628475,6.310949476,1.286765524,4.904506189,9.37E-07,0.000124765
evm.model.tig082700000251.51,9.235957846,6.320399567,2.002783906,3.155807048,0.001600547,0.042640859
evm.model.tig082700000212.123,9.504028516,6.360304613,2.031687139,3.13055317,0.001744774,0.045557113
evm.model.tig082700000020.462,9.76852317,6.40360981,1.945874669,3.290864469,0.0009988,0.030535451
evm.model.tig082700000136.58,10.02100445,6.441875415,1.928500279,3.34035493,0.000836714,0.026993653
evm.model.tig082700000020.571,10.09062221,6.451614509,1.908427936,3.380591107,0.000723301,0.024340474
evm.model.tig082700002117.581,32.49196226,6.460345929,1.472773346,4.386517414,1.15E-05,0.001008446
evm.model.tig082700000111.142,10.40217932,6.495719672,1.896731895,3.424690485,0.0006155,0.021495249
evm.model.tig082700000210.95,10.47520924,6.502801099,1.967987198,3.304290346,0.000952172,0.029302061
evm.model.tig082700000206.110,51.72896995,6.510022379,1.293200279,5.034040346,4.80E-07,7.00E-05
evm.model.tig082700000277.30,84.92338908,6.522744709,1.529143213,4.265620548,1.99E-05,0.001542584
evm.model.tig082700000240.41,10.91650108,6.561188269,1.990600003,3.296085732,0.000980421,0.030022774
evm.model.tig082700000016.335,11.0815068,6.588471943,1.989650543,3.31137142,0.000928399,0.028665086
evm.model.tig082700000210.90,11.65984925,6.657510939,1.949945733,3.414203188,0.000639689,0.022173886
evm.model.tig082700000122.107,11.66130956,6.662784298,1.841844856,3.617451425,0.000297518,0.012357274
evm.model.tig082700000411.1,11.83346732,6.685461518,1.876360975,3.562993265,0.00036665,0.014455936
evm.model.tig082700000067.324,11.94852337,6.69896776,1.814172365,3.692575131,0.000221995,0.009787186
evm.model.tig082700000128.16,12.09796197,6.716724265,1.919187584,3.499774759,0.000465651,0.0175433
evm.model.tig082700000120.201,12.33148624,6.74106484,1.876073405,3.59317755,0.00032667,0.013359793
evm.model.tig082700000016.678,12.97967949,6.811683457,1.988164225,3.426117105,0.000612276,0.021463048
evm.model.tig082700000075.145,13.07197185,6.825235174,2.007666186,3.399586655,0.000674878,0.023167631
evm.model.tig082700000071.331,13.12350989,6.834130101,1.808258421,3.779399018,0.000157207,0.00761496
evm.model.tig082700000328.2,13.76367381,6.901156521,1.87495881,3.680697668,0.000232597,0.010134802
evm.model.tig082700000162.33,13.78119278,6.906466663,1.771281198,3.899136213,9.65E-05,0.005203204
evm.model.tig082700000156.233,13.82986826,6.912702641,1.769762278,3.906006319,9.38E-05,0.005101782
evm.model.tig082700000122.243,13.97046148,6.915966667,2.108355153,3.280266447,0.001037091,0.031326692
evm.model.tig082700000212.65,14.44203253,6.971128772,1.812044521,3.847106785,0.000119521,0.006056916
evm.model.tig082700000075.496,14.58777581,6.977172689,2.104948821,3.314651939,0.000917573,0.02856731
evm.model.tig082700000196.60,14.65874014,6.993094089,1.805697212,3.872794422,0.000107595,0.005682553
evm.model.tig082700000167.25,14.95291985,7.018039176,1.971071594,3.560519667,0.000370122,0.014500835
evm.model.tig082700000303.36,15.05499058,7.034237407,1.844747856,3.813115914,0.000137226,0.006806176
evm.model.tig082700000217.66,15.11973585,7.041812873,1.759831843,4.001412352,6.30E-05,0.003763602
evm.model.tig082700000253.34,15.20673101,7.048296072,1.750834423,4.02567826,5.68E-05,0.003466712
evm.model.tig082700000174.171,15.52510131,7.078917045,1.757575725,4.027659773,5.63E-05,0.00345588
evm.model.tig082700000016.598,15.72711911,7.100018292,1.693693661,4.192032157,2.76E-05,0.001983011
evm.model.tig082700000158.44,15.82893452,7.109563747,1.715735865,4.143740242,3.42E-05,0.002285169
evm.model.tig082700000075.249,16.19172425,7.130778266,1.987423013,3.587951946,0.000333286,0.013541274
evm.model.tig082700000096.248,16.16872751,7.133717448,1.849179253,3.857774976,0.000114424,0.005894728
evm.model.tig082700000020.526,16.22082629,7.140767836,1.755474753,4.067713207,4.75E-05,0.003021831
evm.model.tig082700000020.71,28.76708346,7.166906683,1.346689749,5.321869191,1.03E-07,1.86E-05
evm.model.tig082700000153.283,16.85240014,7.189809743,1.931739045,3.721936336,0.000197701,0.008905613
evm.model.tig082700000180.156,16.96668706,7.205741264,1.775115995,4.05930727,4.92E-05,0.003100933
evm.model.tig082700000272.32,17.18666526,7.222439078,1.797751898,4.017483773,5.88E-05,0.003561111
evm.model.tig082700000254.59,17.26756067,7.227634487,1.845119612,3.917163116,8.96E-05,0.004943482
evm.model.tig082700031369.142,17.26811027,7.234107373,1.733851558,4.172276075,3.02E-05,0.002092047
evm.model.tig082700000296.23,65.87554014,7.235282939,1.530541853,4.727268925,2.28E-06,0.000266903
evm.model.tig082700000310.34,17.37171369,7.244533669,1.694475606,4.275383867,1.91E-05,0.001495995
evm.model.tig082700000174.65,17.58786056,7.261225491,1.670909576,4.345672318,1.39E-05,0.0011664
evm.model.tig082700000075.506,18.14176505,7.305105752,1.750051795,4.174222599,2.99E-05,0.002088446
evm.model.tig082700000075.454,18.16551421,7.306080832,1.800661775,4.057442065,4.96E-05,0.00311527
evm.model.tig082700000071.326,18.13673986,7.306161542,1.675020433,4.361834278,1.29E-05,0.001105276
evm.model.tig082700000253.24,18.78385856,7.352792806,1.84124877,3.993372826,6.51E-05,0.003868778
evm.model.tig082700000128.5,19.46010157,7.4071982,1.765927165,4.194509462,2.73E-05,0.001976669
evm.model.tig082700000122.192,19.70434275,7.424902234,1.662546793,4.465980907,7.97E-06,0.000743188
evm.model.tig082700000184.28,19.73336128,7.427495504,1.761927661,4.215550769,2.49E-05,0.001849287
evm.model.tig082700000196.73,19.76323246,7.433042919,1.623845484,4.577432392,4.71E-06,0.00048769
evm.model.tig082700000020.206,19.77629812,7.433841418,1.619267205,4.590867644,4.41E-06,0.000468398
evm.model.tig082700000120.82,20.68484927,7.498187276,1.613391217,4.647469999,3.36E-06,0.000375248
evm.model.tig082700000383.19,22.17722619,7.590264464,1.82064419,4.16899936,3.06E-05,0.00210534
evm.model.tig082700000122.174,22.37627326,7.60434887,1.759986598,4.320685668,1.56E-05,0.001289227
evm.model.tig082700000096.77,22.78125534,7.636401688,1.692205912,4.512690587,6.40E-06,0.000612325
evm.model.tig082700000167.99,22.91225075,7.639529012,1.732115852,4.410518501,1.03E-05,0.000915785
evm.model.tig082700000215.122,23.71957188,7.686926337,1.939950106,3.962435071,7.42E-05,0.004244031
evm.model.tig082700000428.12,24.10678843,7.718779492,1.594682667,4.840323188,1.30E-06,0.000162244
evm.model.tig082700002117.14,25.01178584,7.765168515,1.769229946,4.389010333,1.14E-05,0.001001659
evm.model.tig082700000120.274,25.2180931,7.783083191,1.609113527,4.836876367,1.32E-06,0.000163867
evm.model.tig082700000071.2,25.71554015,7.801300121,1.877944225,4.154170298,3.26E-05,0.00220592
evm.model.tig082700000096.382,25.80970085,7.821158152,1.542950059,5.068963901,4.00E-07,6.02E-05
evm.model.tig082700000016.604,26.17634974,7.840553808,1.542348487,5.083516387,3.71E-07,5.81E-05
evm.model.tig082700000296.14,26.60668049,7.85799595,1.690162682,4.649254201,3.33E-06,0.000374258
evm.model.tig082700000071.393,27.17040233,7.891372615,1.616369813,4.882157875,1.05E-06,0.000134956
evm.model.tig082700000228.60,28.54935532,7.956470062,1.853526354,4.292612319,1.77E-05,0.001425584
evm.model.tig082700000116.6,29.06013766,7.981828424,1.754720506,4.548774804,5.40E-06,0.000546894
evm.model.tig082700000096.7,28.93548618,7.986647816,1.538943299,5.189695956,2.11E-07,3.48E-05
evm.model.tig082700000174.140,29.90407397,8.029024129,1.617163001,4.964882404,6.87E-07,9.57E-05
evm.model.tig082700000385.22,30.04987532,8.035501606,1.687565524,4.761593842,1.92E-06,0.000226703
evm.model.tig082700000127.195,34.03621398,8.216959493,1.580022156,5.200534347,1.99E-07,3.34E-05
evm.model.tig082700000208.76,34.23741572,8.219627271,1.722767346,4.771176614,1.83E-06,0.000217555
evm.model.tig082700000210.5,34.27368888,8.228337034,1.553976789,5.295019264,1.19E-07,2.13E-05
evm.model.tig082700000221.102,336.9489393,8.259812638,1.509965314,5.470200249,4.50E-08,8.55E-06
evm.model.tig082700000172.193,36.63922905,8.328756445,1.458043955,5.712280767,1.11E-08,2.45E-06
evm.model.tig082700000180.11,40.23845376,8.454005248,1.739253365,4.860709438,1.17E-06,0.000149404
evm.model.tig082700000075.587,40.23381751,8.461720638,1.49061883,5.676649503,1.37E-08,2.88E-06
evm.model.tig082700000132.16,44.43373159,8.609141189,1.430254863,6.019305657,1.75E-09,4.47E-07
evm.model.tig082700000071.245,52.22081326,8.837985188,1.487688705,5.940749,2.84E-09,6.87E-07
