sample-id,depth-1_iter-1,depth-1_iter-2,depth-1_iter-3,depth-1_iter-4,depth-1_iter-5,depth-1_iter-6,depth-1_iter-7,depth-1_iter-8,depth-1_iter-9,depth-1_iter-10,depth-22223_iter-1,depth-22223_iter-2,depth-22223_iter-3,depth-22223_iter-4,depth-22223_iter-5,depth-22223_iter-6,depth-22223_iter-7,depth-22223_iter-8,depth-22223_iter-9,depth-22223_iter-10,depth-44445_iter-1,depth-44445_iter-2,depth-44445_iter-3,depth-44445_iter-4,depth-44445_iter-5,depth-44445_iter-6,depth-44445_iter-7,depth-44445_iter-8,depth-44445_iter-9,depth-44445_iter-10,depth-66667_iter-1,depth-66667_iter-2,depth-66667_iter-3,depth-66667_iter-4,depth-66667_iter-5,depth-66667_iter-6,depth-66667_iter-7,depth-66667_iter-8,depth-66667_iter-9,depth-66667_iter-10,depth-88889_iter-1,depth-88889_iter-2,depth-88889_iter-3,depth-88889_iter-4,depth-88889_iter-5,depth-88889_iter-6,depth-88889_iter-7,depth-88889_iter-8,depth-88889_iter-9,depth-88889_iter-10,depth-111111_iter-1,depth-111111_iter-2,depth-111111_iter-3,depth-111111_iter-4,depth-111111_iter-5,depth-111111_iter-6,depth-111111_iter-7,depth-111111_iter-8,depth-111111_iter-9,depth-111111_iter-10,depth-133333_iter-1,depth-133333_iter-2,depth-133333_iter-3,depth-133333_iter-4,depth-133333_iter-5,depth-133333_iter-6,depth-133333_iter-7,depth-133333_iter-8,depth-133333_iter-9,depth-133333_iter-10,depth-155555_iter-1,depth-155555_iter-2,depth-155555_iter-3,depth-155555_iter-4,depth-155555_iter-5,depth-155555_iter-6,depth-155555_iter-7,depth-155555_iter-8,depth-155555_iter-9,depth-155555_iter-10,depth-177777_iter-1,depth-177777_iter-2,depth-177777_iter-3,depth-177777_iter-4,depth-177777_iter-5,depth-177777_iter-6,depth-177777_iter-7,depth-177777_iter-8,depth-177777_iter-9,depth-177777_iter-10,depth-200000_iter-1,depth-200000_iter-2,depth-200000_iter-3,depth-200000_iter-4,depth-200000_iter-5,depth-200000_iter-6,depth-200000_iter-7,depth-200000_iter-8,depth-200000_iter-9,depth-200000_iter-10,barcode-sequence,body-site,subject,time
AC01,1,1,1,1,1,1,1,1,1,1,357.0,356.0,362.0,371.0,370.0,360.0,374.0,365.0,368.0,378.0,408.0,413.0,420.0,415.0,413.0,413.0,414.0,413.0,410.0,412.0,434.0,435.0,436.0,432.0,431.0,433.0,434.0,432.0,433.0,431.0,444.0,442.0,438.0,439.0,441.0,443.0,440.0,439.0,444.0,443.0,445.0,444.0,445.0,445.0,445.0,445.0,444.0,444.0,440.0,443.0,445.0,445.0,445.0,445.0,445.0,445.0,445.0,445.0,445.0,445.0,,,,,,,,,,,,,,,,,,,,,,,,,,,,,,,AGCTGACTAGTC,AC,A,C
AC02,1,1,1,1,1,1,1,1,1,1,431.0,431.0,435.0,431.0,434.0,432.0,432.0,440.0,438.0,437.0,450.0,452.0,452.0,449.0,451.0,448.0,453.0,452.0,449.0,449.0,459.0,461.0,463.0,460.0,460.0,464.0,462.0,464.0,460.0,461.0,463.0,468.0,467.0,467.0,468.0,467.0,465.0,464.0,466.0,468.0,470.0,468.0,469.0,469.0,469.0,470.0,470.0,470.0,468.0,468.0,470.0,470.0,470.0,470.0,470.0,470.0,470.0,470.0,470.0,470.0,,,,,,,,,,,,,,,,,,,,,,,,,,,,,,,ACACACTATGGC,AC,A,C
AC03,1,1,1,1,1,1,1,1,1,1,821.0,793.0,813.0,792.0,793.0,816.0,811.0,814.0,818.0,807.0,1001.0,1001.0,997.0,1014.0,992.0,989.0,991.0,1006.0,992.0,985.0,1092.0,1104.0,1084.0,1093.0,1113.0,1100.0,1085.0,1093.0,1092.0,1099.0,1149.0,1142.0,1131.0,1149.0,1137.0,1146.0,1144.0,1141.0,1136.0,1131.0,1162.0,1177.0,1181.0,1179.0,1171.0,1180.0,1176.0,1177.0,1174.0,1173.0,1191.0,1189.0,1202.0,1186.0,1197.0,1200.0,1188.0,1193.0,1196.0,1196.0,1202.0,1204.0,1207.0,1205.0,1206.0,1209.0,1207.0,1202.0,1205.0,1205.0,1213.0,1214.0,1214.0,1209.0,1214.0,1214.0,1215.0,1208.0,1214.0,1211.0,1217.0,1217.0,1217.0,1215.0,1217.0,1217.0,1218.0,1217.0,1218.0,1218.0,ACTACGTGTGGT,AC,A,C
AC04,1,1,1,1,1,1,1,1,1,1,334.0,339.0,336.0,334.0,337.0,338.0,332.0,339.0,338.0,333.0,357.0,348.0,351.0,355.0,359.0,353.0,352.0,353.0,355.0,355.0,360.0,364.0,364.0,358.0,358.0,361.0,365.0,357.0,355.0,361.0,366.0,365.0,367.0,362.0,367.0,368.0,368.0,365.0,369.0,364.0,371.0,369.0,370.0,371.0,371.0,371.0,370.0,369.0,370.0,370.0,372.0,372.0,372.0,372.0,372.0,372.0,372.0,372.0,371.0,372.0,372.0,372.0,372.0,372.0,372.0,372.0,372.0,372.0,372.0,372.0,,,,,,,,,,,,,,,,,,,,,AGTGCGATGCGT,AC,A,C
AD01,1,1,1,1,1,1,1,1,1,1,569.0,569.0,560.0,569.0,562.0,584.0,578.0,550.0,558.0,571.0,664.0,680.0,650.0,665.0,685.0,674.0,669.0,677.0,676.0,688.0,735.0,721.0,732.0,734.0,720.0,740.0,712.0,715.0,719.0,721.0,767.0,768.0,755.0,765.0,765.0,770.0,770.0,762.0,771.0,757.0,792.0,786.0,794.0,789.0,778.0,773.0,776.0,798.0,786.0,787.0,803.0,797.0,805.0,798.0,803.0,801.0,802.0,803.0,796.0,802.0,812.0,805.0,809.0,815.0,816.0,815.0,809.0,812.0,808.0,805.0,820.0,811.0,816.0,819.0,815.0,816.0,820.0,816.0,820.0,810.0,822.0,820.0,822.0,821.0,820.0,819.0,822.0,822.0,822.0,822.0,ACGATGCGACCA,AD,A,D
AD02,1,1,1,1,1,1,1,1,1,1,712.0,731.0,720.0,719.0,718.0,731.0,716.0,709.0,730.0,729.0,870.0,867.0,869.0,856.0,879.0,885.0,875.0,845.0,859.0,894.0,947.0,948.0,933.0,944.0,945.0,939.0,950.0,947.0,942.0,936.0,979.0,983.0,981.0,984.0,969.0,985.0,991.0,993.0,989.0,996.0,1008.0,1001.0,1012.0,998.0,1005.0,1004.0,1007.0,1016.0,1010.0,997.0,1030.0,1023.0,1023.0,1018.0,1027.0,1026.0,1021.0,1024.0,1017.0,1018.0,1032.0,1031.0,1031.0,1029.0,1032.0,1030.0,1031.0,1026.0,1032.0,1029.0,1034.0,1033.0,1034.0,1033.0,1034.0,1032.0,1033.0,1033.0,1034.0,1033.0,,,,,,,,,,,AGCTATCCACGA,AD,A,D
AD03,1,1,1,1,1,1,1,1,1,1,407.0,415.0,413.0,407.0,408.0,400.0,416.0,410.0,412.0,409.0,458.0,457.0,463.0,462.0,456.0,463.0,448.0,447.0,451.0,465.0,485.0,482.0,485.0,489.0,483.0,481.0,483.0,481.0,479.0,478.0,497.0,497.0,497.0,494.0,493.0,501.0,499.0,498.0,499.0,498.0,506.0,501.0,503.0,503.0,501.0,502.0,505.0,503.0,504.0,504.0,506.0,506.0,506.0,506.0,506.0,506.0,506.0,506.0,506.0,506.0,,,,,,,,,,,,,,,,,,,,,,,,,,,,,,,ATGCAGCTCAGT,AD,A,D
AD04,1,1,1,1,1,1,1,1,1,1,864.0,869.0,844.0,874.0,861.0,834.0,848.0,884.0,861.0,862.0,1048.0,1037.0,1060.0,1028.0,1050.0,1033.0,1021.0,1042.0,1018.0,1019.0,1147.0,1123.0,1127.0,1140.0,1131.0,1144.0,1136.0,1149.0,1154.0,1132.0,1195.0,1197.0,1195.0,1180.0,1204.0,1201.0,1189.0,1196.0,1198.0,1180.0,1228.0,1245.0,1226.0,1234.0,1232.0,1235.0,1227.0,1232.0,1227.0,1226.0,1263.0,1259.0,1246.0,1252.0,1250.0,1262.0,1259.0,1265.0,1246.0,1261.0,1276.0,1280.0,1273.0,1279.0,1275.0,1279.0,1270.0,1266.0,1271.0,1278.0,1280.0,1284.0,1284.0,1287.0,1277.0,1283.0,1286.0,1283.0,1280.0,1283.0,1288.0,1287.0,1288.0,1286.0,1289.0,1289.0,1289.0,1288.0,1287.0,1289.0,CACGTGACATGT,AD,A,D
AE01,1,1,1,1,1,1,1,1,1,1,1267.0,1244.0,1255.0,1245.0,1280.0,1274.0,1246.0,1243.0,1256.0,1265.0,1481.0,1487.0,1471.0,1467.0,1488.0,1462.0,1452.0,1480.0,1471.0,1474.0,1561.0,1574.0,1576.0,1557.0,1550.0,1572.0,1569.0,1559.0,1569.0,1575.0,1617.0,1615.0,1633.0,1617.0,1611.0,1616.0,1613.0,1623.0,1611.0,1632.0,1650.0,1649.0,1639.0,1647.0,1640.0,1648.0,1643.0,1648.0,1652.0,1649.0,1656.0,1667.0,1671.0,1666.0,1666.0,1670.0,1665.0,1661.0,1665.0,1666.0,1675.0,1675.0,1664.0,1669.0,1674.0,1674.0,1673.0,1674.0,1674.0,1675.0,1680.0,1680.0,1680.0,1676.0,1679.0,1680.0,1679.0,1678.0,1678.0,1678.0,1680.0,1680.0,1680.0,1680.0,1680.0,1680.0,1680.0,1680.0,1680.0,1679.0,ACAGTTGCGCGA,AE,A,E
AE02,1,1,1,1,1,1,1,1,1,1,846.0,836.0,848.0,837.0,867.0,857.0,835.0,866.0,854.0,865.0,997.0,1019.0,1014.0,1009.0,1014.0,1009.0,1019.0,1036.0,1029.0,1013.0,1097.0,1115.0,1097.0,1101.0,1101.0,1097.0,1101.0,1099.0,1112.0,1112.0,1139.0,1156.0,1150.0,1144.0,1131.0,1143.0,1148.0,1141.0,1149.0,1144.0,1188.0,1179.0,1182.0,1186.0,1183.0,1180.0,1185.0,1184.0,1175.0,1189.0,1199.0,1205.0,1198.0,1203.0,1206.0,1204.0,1210.0,1193.0,1205.0,1195.0,1214.0,1215.0,1217.0,1221.0,1214.0,1213.0,1222.0,1215.0,1217.0,1215.0,1231.0,1231.0,1225.0,1221.0,1222.0,1229.0,1229.0,1228.0,1223.0,1223.0,1230.0,1228.0,1232.0,1230.0,1230.0,1232.0,1233.0,1233.0,1234.0,1233.0,CACGACAGGCTA,AE,A,E
AE03,1,1,1,1,1,1,1,1,1,1,1415.0,1435.0,1398.0,1391.0,1441.0,1393.0,1429.0,1428.0,1421.0,1424.0,1722.0,1713.0,1718.0,1742.0,1729.0,1729.0,1733.0,1737.0,1696.0,1735.0,1907.0,1912.0,1932.0,1913.0,1936.0,1895.0,1920.0,1903.0,1893.0,1911.0,1987.0,1990.0,1995.0,2006.0,2014.0,2012.0,2017.0,1992.0,2029.0,2026.0,2093.0,2085.0,2100.0,2095.0,2099.0,2099.0,2083.0,2096.0,2087.0,2091.0,2138.0,2149.0,2141.0,2129.0,2153.0,2148.0,2155.0,2151.0,2134.0,2142.0,2178.0,2187.0,2173.0,2188.0,2197.0,2185.0,2183.0,2177.0,2179.0,2196.0,2223.0,2215.0,2207.0,2214.0,2210.0,2207.0,2206.0,2209.0,2208.0,2210.0,2228.0,2224.0,2231.0,2236.0,2231.0,2234.0,2225.0,2231.0,2225.0,2234.0,AGTGTCACGGTG,AE,A,E
AE04,1,1,1,1,1,1,1,1,1,1,814.0,824.0,822.0,828.0,819.0,811.0,831.0,810.0,814.0,822.0,963.0,978.0,956.0,961.0,960.0,967.0,966.0,967.0,959.0,973.0,1039.0,1047.0,1052.0,1031.0,1053.0,1043.0,1040.0,1049.0,1051.0,1031.0,1100.0,1093.0,1090.0,1094.0,1092.0,1084.0,1098.0,1091.0,1096.0,1098.0,1116.0,1118.0,1128.0,1113.0,1118.0,1113.0,1126.0,1123.0,1113.0,1127.0,1136.0,1135.0,1136.0,1132.0,1145.0,1133.0,1139.0,1146.0,1134.0,1141.0,1152.0,1154.0,1156.0,1151.0,1148.0,1146.0,1151.0,1148.0,1149.0,1151.0,1153.0,1162.0,1159.0,1159.0,1156.0,1158.0,1158.0,1160.0,1159.0,1160.0,1163.0,1164.0,1163.0,1161.0,1163.0,1164.0,1162.0,1161.0,1165.0,1164.0,CAAGTGAGAGAG,AE,A,E
AF01,1,1,1,1,1,1,1,1,1,1,1189.0,1201.0,1194.0,1200.0,1193.0,1208.0,1159.0,1187.0,1199.0,1171.0,1420.0,1416.0,1416.0,1440.0,1418.0,1436.0,1451.0,1410.0,1441.0,1412.0,1517.0,1521.0,1514.0,1521.0,1524.0,1521.0,1541.0,1525.0,1528.0,1530.0,1598.0,1590.0,1590.0,1591.0,1578.0,1596.0,1597.0,1586.0,1595.0,1602.0,1632.0,1631.0,1630.0,1619.0,1639.0,1632.0,1628.0,1633.0,1644.0,1636.0,1657.0,1660.0,1658.0,1660.0,1649.0,1662.0,1658.0,1659.0,1663.0,1658.0,1672.0,1669.0,1667.0,1671.0,1670.0,1667.0,1673.0,1670.0,1672.0,1673.0,1675.0,1674.0,1675.0,1674.0,1675.0,1675.0,1674.0,1675.0,1675.0,1675.0,,,,,,,,,,,CATCGTATCAAC,AF,A,F
AF02,1,1,1,1,1,1,1,1,1,1,1304.0,1316.0,1336.0,1311.0,1331.0,1353.0,1343.0,1314.0,1329.0,1329.0,1580.0,1594.0,1566.0,1590.0,1592.0,1597.0,1596.0,1605.0,1572.0,1584.0,1709.0,1730.0,1723.0,1712.0,1701.0,1731.0,1722.0,1726.0,1745.0,1733.0,1805.0,1809.0,1816.0,1802.0,1821.0,1813.0,1826.0,1806.0,1800.0,1819.0,1852.0,1862.0,1856.0,1857.0,1861.0,1864.0,1867.0,1856.0,1851.0,1855.0,1892.0,1880.0,1885.0,1882.0,1890.0,1888.0,1897.0,1881.0,1882.0,1891.0,1910.0,1910.0,1908.0,1909.0,1910.0,1914.0,1905.0,1916.0,1918.0,1905.0,1918.0,1924.0,1924.0,1923.0,1924.0,1926.0,1927.0,1921.0,1923.0,1923.0,1928.0,1928.0,1929.0,1930.0,1930.0,1928.0,1930.0,1930.0,1929.0,1929.0,CAGTGTCAGGAC,AF,A,F
AF03,1,1,1,1,1,1,1,1,1,1,932.0,903.0,912.0,889.0,895.0,896.0,914.0,880.0,901.0,905.0,1152.0,1156.0,1158.0,1144.0,1157.0,1137.0,1186.0,1158.0,1174.0,1128.0,1275.0,1294.0,1267.0,1259.0,1296.0,1292.0,1284.0,1289.0,1297.0,1260.0,1367.0,1370.0,1362.0,1371.0,1346.0,1365.0,1370.0,1350.0,1366.0,1358.0,1410.0,1401.0,1411.0,1421.0,1413.0,1422.0,1415.0,1425.0,1411.0,1419.0,1455.0,1453.0,1458.0,1450.0,1466.0,1463.0,1461.0,1453.0,1459.0,1450.0,1485.0,1486.0,1487.0,1486.0,1476.0,1480.0,1487.0,1487.0,1483.0,1484.0,1495.0,1497.0,1505.0,1505.0,1505.0,1504.0,1497.0,1502.0,1497.0,1504.0,1510.0,1513.0,1511.0,1505.0,1516.0,1507.0,1508.0,1516.0,1512.0,1516.0,ATCTTAGACTGC,AF,A,F
AF04,1,1,1,1,1,1,1,1,1,1,1122.0,1129.0,1146.0,1149.0,1180.0,1136.0,1161.0,1143.0,1169.0,1125.0,1376.0,1386.0,1379.0,1369.0,1369.0,1364.0,1371.0,1368.0,1373.0,1392.0,1492.0,1496.0,1495.0,1503.0,1494.0,1491.0,1480.0,1493.0,1499.0,1505.0,1565.0,1564.0,1576.0,1556.0,1562.0,1557.0,1577.0,1566.0,1571.0,1567.0,1607.0,1604.0,1618.0,1592.0,1621.0,1613.0,1609.0,1606.0,1615.0,1623.0,1640.0,1638.0,1653.0,1645.0,1638.0,1644.0,1646.0,1630.0,1635.0,1649.0,1667.0,1655.0,1659.0,1663.0,1666.0,1661.0,1661.0,1654.0,1664.0,1649.0,1680.0,1667.0,1676.0,1672.0,1664.0,1679.0,1672.0,1678.0,1678.0,1673.0,1683.0,1683.0,1680.0,1679.0,1682.0,1679.0,1682.0,1682.0,1678.0,1686.0,CAGACATTGCGT,AF,A,F
AG01,1,1,1,1,1,1,1,1,1,1,693.0,667.0,687.0,664.0,687.0,683.0,697.0,689.0,677.0,706.0,819.0,825.0,826.0,832.0,810.0,808.0,814.0,829.0,817.0,823.0,877.0,877.0,892.0,892.0,866.0,890.0,885.0,902.0,878.0,897.0,917.0,916.0,925.0,920.0,928.0,920.0,931.0,916.0,930.0,920.0,950.0,952.0,947.0,945.0,942.0,948.0,949.0,942.0,952.0,950.0,960.0,964.0,963.0,961.0,970.0,961.0,961.0,954.0,960.0,960.0,970.0,966.0,970.0,972.0,971.0,968.0,973.0,971.0,968.0,970.0,973.0,972.0,974.0,972.0,973.0,974.0,971.0,972.0,971.0,975.0,976.0,976.0,975.0,976.0,975.0,975.0,975.0,976.0,976.0,976.0,CGATGCACCAGA,AG,A,G
AG02,1,1,1,1,1,1,1,1,1,1,867.0,885.0,906.0,906.0,891.0,877.0,879.0,903.0,894.0,872.0,1061.0,1057.0,1060.0,1052.0,1064.0,1046.0,1032.0,1045.0,1054.0,1061.0,1134.0,1132.0,1152.0,1156.0,1151.0,1145.0,1142.0,1143.0,1141.0,1138.0,1198.0,1200.0,1198.0,1195.0,1205.0,1205.0,1194.0,1208.0,1203.0,1199.0,1221.0,1236.0,1236.0,1228.0,1229.0,1242.0,1224.0,1234.0,1237.0,1239.0,1257.0,1254.0,1254.0,1255.0,1247.0,1253.0,1254.0,1256.0,1261.0,1250.0,1267.0,1268.0,1272.0,1271.0,1267.0,1268.0,1267.0,1269.0,1268.0,1261.0,1274.0,1274.0,1275.0,1273.0,1275.0,1275.0,1275.0,1276.0,1275.0,1274.0,1276.0,1276.0,1276.0,1276.0,1276.0,1276.0,1276.0,1276.0,1276.0,1276.0,CTAGAGACTCTT,AG,A,G
AG03,1,1,1,1,1,1,1,1,1,1,1568.0,1568.0,1547.0,1600.0,1565.0,1573.0,1537.0,1563.0,1562.0,1551.0,1899.0,1913.0,1914.0,1919.0,1911.0,1906.0,1912.0,1889.0,1876.0,1932.0,2076.0,2096.0,2096.0,2088.0,2101.0,2095.0,2062.0,2087.0,2113.0,2102.0,2207.0,2228.0,2245.0,2206.0,2212.0,2212.0,2231.0,2223.0,2231.0,2218.0,2306.0,2299.0,2293.0,2287.0,2313.0,2291.0,2307.0,2303.0,2299.0,2286.0,2368.0,2366.0,2344.0,2358.0,2354.0,2367.0,2350.0,2364.0,2368.0,2375.0,2400.0,2393.0,2405.0,2389.0,2413.0,2393.0,2401.0,2398.0,2397.0,2409.0,2430.0,2422.0,2437.0,2433.0,2428.0,2434.0,2433.0,2432.0,2425.0,2429.0,2448.0,2459.0,2459.0,2453.0,2458.0,2454.0,2445.0,2448.0,2452.0,2457.0,ATGGCAGCTCTA,AG,A,G
AG04,1,1,1,1,1,1,1,1,1,1,1098.0,1099.0,1109.0,1086.0,1076.0,1078.0,1083.0,1086.0,1080.0,1096.0,1283.0,1300.0,1290.0,1302.0,1297.0,1295.0,1290.0,1328.0,1308.0,1300.0,1398.0,1407.0,1396.0,1385.0,1421.0,1425.0,1391.0,1386.0,1394.0,1406.0,1455.0,1465.0,1465.0,1480.0,1445.0,1462.0,1465.0,1465.0,1459.0,1465.0,1514.0,1497.0,1498.0,1496.0,1514.0,1504.0,1512.0,1498.0,1508.0,1508.0,1520.0,1531.0,1530.0,1528.0,1533.0,1531.0,1537.0,1523.0,1531.0,1534.0,1549.0,1546.0,1552.0,1540.0,1553.0,1543.0,1541.0,1546.0,1551.0,1542.0,1558.0,1557.0,1557.0,1558.0,1556.0,1557.0,1558.0,1560.0,1557.0,1556.0,1561.0,1561.0,1560.0,1559.0,1560.0,1562.0,1562.0,1560.0,1560.0,1561.0,CTGAGATACGCG,AG,A,G
AH01,1,1,1,1,1,1,1,1,1,1,530.0,539.0,514.0,537.0,551.0,535.0,525.0,525.0,530.0,523.0,645.0,669.0,675.0,655.0,675.0,665.0,674.0,667.0,675.0,660.0,750.0,746.0,746.0,751.0,738.0,737.0,739.0,736.0,733.0,745.0,796.0,801.0,796.0,784.0,778.0,799.0,799.0,777.0,788.0,796.0,821.0,826.0,835.0,834.0,817.0,834.0,831.0,826.0,818.0,827.0,851.0,857.0,852.0,847.0,864.0,852.0,841.0,855.0,865.0,854.0,872.0,867.0,871.0,867.0,874.0,870.0,870.0,858.0,874.0,863.0,879.0,879.0,873.0,882.0,879.0,872.0,885.0,880.0,875.0,885.0,891.0,884.0,885.0,884.0,894.0,889.0,883.0,889.0,886.0,888.0,CCGACTGAGATG,AH,A,H
AH02,1,1,1,1,1,1,1,1,1,1,1306.0,1336.0,1365.0,1368.0,1366.0,1338.0,1381.0,1347.0,1353.0,1348.0,1638.0,1637.0,1630.0,1606.0,1637.0,1604.0,1637.0,1605.0,1605.0,1621.0,1747.0,1748.0,1767.0,1751.0,1761.0,1762.0,1751.0,1758.0,1750.0,1756.0,1842.0,1824.0,1860.0,1841.0,1845.0,1839.0,1822.0,1826.0,1838.0,1849.0,1884.0,1886.0,1899.0,1899.0,1887.0,1905.0,1902.0,1889.0,1893.0,1907.0,1929.0,1925.0,1930.0,1935.0,1916.0,1924.0,1937.0,1944.0,1928.0,1943.0,1953.0,1955.0,1951.0,1954.0,1951.0,1949.0,1966.0,1950.0,1958.0,1960.0,1975.0,1970.0,1966.0,1969.0,1976.0,1974.0,1962.0,1971.0,1964.0,1967.0,1982.0,1984.0,1981.0,1985.0,1977.0,1976.0,1988.0,1984.0,1979.0,1981.0,CCTCTCGTGATC,AH,A,H
AH03,1,1,1,1,1,1,1,1,1,1,1331.0,1378.0,1361.0,1354.0,1341.0,1335.0,1328.0,1363.0,1331.0,1317.0,1707.0,1716.0,1706.0,1687.0,1700.0,1704.0,1712.0,1681.0,1667.0,1694.0,1864.0,1878.0,1889.0,1882.0,1878.0,1884.0,1864.0,1861.0,1858.0,1877.0,1986.0,1985.0,1996.0,1985.0,1982.0,1977.0,1989.0,2017.0,1991.0,1987.0,2066.0,2060.0,2059.0,2069.0,2075.0,2063.0,2102.0,2078.0,2091.0,2071.0,2122.0,2110.0,2119.0,2122.0,2146.0,2130.0,2127.0,2133.0,2137.0,2148.0,2179.0,2184.0,2158.0,2183.0,2176.0,2181.0,2167.0,2169.0,2191.0,2178.0,2210.0,2210.0,2185.0,2215.0,2206.0,2200.0,2213.0,2205.0,2208.0,2200.0,2240.0,2229.0,2223.0,2232.0,2215.0,2225.0,2222.0,2242.0,2234.0,2234.0,CATATCGCAGTT,AH,A,H
AH04,1,1,1,1,1,1,1,1,1,1,985.0,979.0,981.0,991.0,985.0,976.0,992.0,986.0,966.0,966.0,1241.0,1205.0,1198.0,1204.0,1209.0,1221.0,1205.0,1210.0,1203.0,1231.0,1358.0,1332.0,1336.0,1373.0,1359.0,1368.0,1346.0,1371.0,1347.0,1341.0,1447.0,1451.0,1442.0,1440.0,1441.0,1448.0,1463.0,1455.0,1470.0,1434.0,1526.0,1538.0,1516.0,1539.0,1506.0,1545.0,1523.0,1544.0,1509.0,1510.0,1577.0,1573.0,1577.0,1556.0,1575.0,1581.0,1566.0,1560.0,1580.0,1565.0,1613.0,1598.0,1630.0,1617.0,1617.0,1615.0,1608.0,1611.0,1635.0,1608.0,1639.0,1648.0,1655.0,1658.0,1644.0,1640.0,1649.0,1655.0,1631.0,1645.0,1667.0,1669.0,1665.0,1659.0,1678.0,1676.0,1660.0,1665.0,1665.0,1667.0,CGTGCATTATCA,AH,A,H
AI01,1,1,1,1,1,1,1,1,1,1,515.0,522.0,507.0,520.0,527.0,524.0,524.0,531.0,498.0,499.0,614.0,612.0,614.0,599.0,601.0,611.0,601.0,607.0,622.0,605.0,654.0,654.0,652.0,659.0,668.0,662.0,673.0,660.0,658.0,663.0,680.0,677.0,679.0,685.0,682.0,684.0,682.0,682.0,674.0,683.0,700.0,698.0,692.0,702.0,701.0,702.0,704.0,696.0,701.0,700.0,710.0,709.0,708.0,709.0,706.0,708.0,706.0,710.0,710.0,710.0,711.0,712.0,712.0,714.0,715.0,714.0,714.0,713.0,712.0,712.0,715.0,715.0,715.0,715.0,715.0,715.0,715.0,715.0,715.0,715.0,,,,,,,,,,,CTAACGCAGTCA,AI,A,I
AI02,1,1,1,1,1,1,1,1,1,1,960.0,969.0,950.0,941.0,993.0,960.0,965.0,966.0,941.0,976.0,1142.0,1162.0,1140.0,1158.0,1160.0,1144.0,1161.0,1156.0,1171.0,1142.0,1232.0,1254.0,1257.0,1258.0,1256.0,1231.0,1245.0,1243.0,1253.0,1257.0,1307.0,1307.0,1307.0,1322.0,1302.0,1304.0,1301.0,1307.0,1280.0,1294.0,1339.0,1340.0,1338.0,1328.0,1337.0,1345.0,1333.0,1341.0,1339.0,1347.0,1365.0,1360.0,1357.0,1364.0,1368.0,1360.0,1366.0,1365.0,1351.0,1355.0,1376.0,1376.0,1376.0,1369.0,1370.0,1377.0,1378.0,1378.0,1374.0,1380.0,1383.0,1381.0,1383.0,1383.0,1383.0,1381.0,1388.0,1385.0,1380.0,1383.0,1388.0,1388.0,1386.0,1389.0,1388.0,1387.0,1389.0,1388.0,1389.0,1389.0,CTCAATGACTCA,AI,A,I
AI03,1,1,1,1,1,1,1,1,1,1,763.0,749.0,759.0,765.0,741.0,751.0,753.0,758.0,755.0,763.0,873.0,857.0,861.0,864.0,859.0,875.0,871.0,866.0,885.0,870.0,932.0,917.0,917.0,924.0,934.0,924.0,940.0,934.0,944.0,929.0,951.0,957.0,953.0,958.0,961.0,959.0,955.0,957.0,956.0,951.0,972.0,978.0,976.0,974.0,975.0,983.0,981.0,975.0,972.0,980.0,985.0,988.0,986.0,980.0,984.0,985.0,984.0,987.0,984.0,989.0,992.0,992.0,993.0,992.0,994.0,993.0,995.0,992.0,988.0,991.0,997.0,998.0,997.0,997.0,995.0,996.0,997.0,997.0,996.0,996.0,998.0,998.0,998.0,998.0,998.0,998.0,998.0,998.0,998.0,998.0,ATCGATCTGTGG,AI,A,I
AI04,1,1,1,1,1,1,1,1,1,1,594.0,584.0,583.0,591.0,573.0,605.0,599.0,584.0,594.0,598.0,654.0,652.0,642.0,648.0,645.0,639.0,652.0,646.0,648.0,649.0,670.0,668.0,675.0,669.0,665.0,666.0,671.0,669.0,666.0,670.0,688.0,678.0,681.0,675.0,682.0,682.0,684.0,684.0,680.0,682.0,689.0,687.0,686.0,687.0,690.0,688.0,689.0,690.0,689.0,688.0,691.0,690.0,691.0,690.0,690.0,691.0,688.0,691.0,690.0,691.0,,,,,,,,,,,,,,,,,,,,,,,,,,,,,,,CTCGTGGAGTAG,AI,A,I
AJ01,1,1,1,1,1,1,1,1,1,1,637.0,628.0,629.0,633.0,621.0,630.0,618.0,621.0,621.0,617.0,772.0,769.0,761.0,767.0,764.0,752.0,762.0,756.0,769.0,754.0,825.0,843.0,837.0,841.0,828.0,820.0,845.0,840.0,823.0,829.0,868.0,872.0,871.0,867.0,867.0,893.0,879.0,875.0,873.0,870.0,908.0,906.0,895.0,898.0,902.0,905.0,896.0,913.0,892.0,911.0,922.0,925.0,917.0,927.0,925.0,917.0,923.0,915.0,923.0,927.0,933.0,940.0,939.0,931.0,937.0,939.0,938.0,943.0,941.0,936.0,944.0,944.0,943.0,947.0,937.0,941.0,942.0,939.0,946.0,941.0,945.0,946.0,948.0,950.0,952.0,949.0,951.0,947.0,949.0,949.0,GCGTTACACACA,AJ,A,J
AJ02,1,1,1,1,1,1,1,1,1,1,1182.0,1177.0,1181.0,1194.0,1227.0,1229.0,1192.0,1197.0,1201.0,1190.0,1487.0,1513.0,1526.0,1484.0,1515.0,1509.0,1514.0,1505.0,1492.0,1485.0,1657.0,1677.0,1673.0,1681.0,1690.0,1685.0,1670.0,1664.0,1667.0,1668.0,1765.0,1778.0,1795.0,1773.0,1776.0,1795.0,1786.0,1773.0,1792.0,1780.0,1862.0,1871.0,1855.0,1855.0,1861.0,1844.0,1851.0,1846.0,1869.0,1856.0,1903.0,1915.0,1921.0,1925.0,1923.0,1930.0,1908.0,1913.0,1921.0,1912.0,1948.0,1937.0,1946.0,1959.0,1939.0,1938.0,1951.0,1956.0,1954.0,1955.0,1966.0,1971.0,1965.0,1968.0,1961.0,1985.0,1979.0,1976.0,1979.0,1975.0,1997.0,1992.0,2002.0,1998.0,1995.0,1988.0,1995.0,1987.0,1993.0,1982.0,GAACTGTATCTC,AJ,A,J
AJ03,1,1,1,1,1,1,1,1,1,1,1282.0,1293.0,1286.0,1279.0,1314.0,1317.0,1282.0,1308.0,1290.0,1302.0,1601.0,1609.0,1582.0,1589.0,1610.0,1613.0,1580.0,1584.0,1572.0,1565.0,1742.0,1744.0,1744.0,1740.0,1747.0,1751.0,1745.0,1740.0,1757.0,1750.0,1860.0,1844.0,1865.0,1852.0,1856.0,1852.0,1841.0,1862.0,1857.0,1833.0,1916.0,1923.0,1916.0,1913.0,1910.0,1922.0,1921.0,1917.0,1926.0,1905.0,1965.0,1972.0,1967.0,1975.0,1959.0,1964.0,1974.0,1977.0,1960.0,1976.0,2006.0,2006.0,2005.0,2004.0,2004.0,2004.0,1996.0,2010.0,1999.0,1996.0,2042.0,2051.0,2030.0,2035.0,2036.0,2035.0,2034.0,2037.0,2041.0,2037.0,2053.0,2048.0,2055.0,2050.0,2057.0,2059.0,2049.0,2049.0,2060.0,2045.0,CTGGACTCATAG,AJ,A,J
AJ04,1,1,1,1,1,1,1,1,1,1,721.0,722.0,669.0,698.0,689.0,707.0,688.0,699.0,711.0,723.0,865.0,880.0,872.0,857.0,868.0,845.0,833.0,858.0,865.0,867.0,930.0,932.0,926.0,933.0,938.0,923.0,934.0,923.0,931.0,924.0,983.0,986.0,986.0,992.0,981.0,1003.0,984.0,989.0,979.0,985.0,1027.0,1028.0,1028.0,1011.0,1025.0,1015.0,1036.0,1022.0,1020.0,1028.0,1048.0,1049.0,1050.0,1051.0,1042.0,1040.0,1049.0,1053.0,1048.0,1053.0,1061.0,1059.0,1060.0,1063.0,1066.0,1065.0,1063.0,1066.0,1061.0,1072.0,1086.0,1072.0,1079.0,1077.0,1076.0,1077.0,1079.0,1079.0,1076.0,1076.0,1090.0,1085.0,1084.0,1084.0,1080.0,1092.0,1093.0,1084.0,1082.0,1085.0,GAGGCTCATCAT,AJ,A,J
AK01,1,1,1,1,1,1,1,1,1,1,1968.0,1973.0,1966.0,1962.0,1961.0,1967.0,1958.0,1962.0,1964.0,1969.0,,,,,,,,,,,,,,,,,,,,,,,,,,,,,,,,,,,,,,,,,,,,,,,,,,,,,,,,,,,,,,,,,,,,,,,,,,,,,,,,,GATACGTCCTGA,AK,A,K
AK02,1,1,1,1,1,1,1,1,1,1,1046.0,1044.0,1034.0,1053.0,1048.0,1028.0,1033.0,1045.0,1035.0,1046.0,,,,,,,,,,,,,,,,,,,,,,,,,,,,,,,,,,,,,,,,,,,,,,,,,,,,,,,,,,,,,,,,,,,,,,,,,,,,,,,,,GATTAGCACTCT,AK,A,K
AK03,1,1,1,1,1,1,1,1,1,1,,,,,,,,,,,,,,,,,,,,,,,,,,,,,,,,,,,,,,,,,,,,,,,,,,,,,,,,,,,,,,,,,,,,,,,,,,,,,,,,,,,,,,,,,,,GATTAGCACTCT,AK,A,K
AK04,1,1,1,1,1,1,1,1,1,1,764.0,748.0,744.0,762.0,752.0,759.0,768.0,756.0,765.0,759.0,,,,,,,,,,,,,,,,,,,,,,,,,,,,,,,,,,,,,,,,,,,,,,,,,,,,,,,,,,,,,,,,,,,,,,,,,,,,,,,,,AGCTGACTAGTC,AK,A,K
AL01,1,1,1,1,1,1,1,1,1,1,1539.0,1537.0,1566.0,1547.0,1563.0,1548.0,1560.0,1569.0,1564.0,1554.0,1873.0,1869.0,1894.0,1859.0,1889.0,1869.0,1887.0,1903.0,1880.0,1873.0,2047.0,2042.0,2027.0,2049.0,2027.0,2035.0,2026.0,2006.0,2008.0,2014.0,2111.0,2106.0,2118.0,2114.0,2113.0,2104.0,2116.0,2109.0,2116.0,2102.0,2153.0,2157.0,2163.0,2146.0,2157.0,2156.0,2153.0,2155.0,2156.0,2153.0,2183.0,2178.0,2186.0,2181.0,2175.0,2180.0,2180.0,2175.0,2181.0,2178.0,2194.0,2190.0,2193.0,2193.0,2195.0,2193.0,2193.0,2191.0,2191.0,2191.0,,,,,,,,,,,,,,,,,,,,,ACACACTATGGC,AL,A,L
AL02,1,1,1,1,1,1,1,1,1,1,1277.0,1264.0,1241.0,1250.0,1299.0,1282.0,1304.0,1286.0,1261.0,1274.0,1534.0,1543.0,1545.0,1543.0,1549.0,1544.0,1541.0,1544.0,1551.0,1522.0,1694.0,1674.0,1679.0,1683.0,1702.0,1685.0,1700.0,1695.0,1671.0,1679.0,1786.0,1768.0,1766.0,1755.0,1750.0,1768.0,1774.0,1778.0,1756.0,1769.0,1831.0,1827.0,1830.0,1831.0,1800.0,1830.0,1822.0,1832.0,1837.0,1817.0,1868.0,1864.0,1860.0,1882.0,1878.0,1866.0,1871.0,1860.0,1872.0,1867.0,1897.0,1905.0,1906.0,1897.0,1901.0,1903.0,1904.0,1894.0,1900.0,1907.0,1919.0,1920.0,1930.0,1914.0,1924.0,1927.0,1919.0,1922.0,1925.0,1916.0,1938.0,1934.0,1933.0,1941.0,1938.0,1938.0,1941.0,1926.0,1928.0,1932.0,ACTACGTGTGGT,AL,A,L
BC01,1,1,1,1,1,1,1,1,1,1,85.0,86.0,86.0,85.0,85.0,92.0,86.0,89.0,82.0,85.0,115.0,112.0,116.0,118.0,108.0,115.0,107.0,112.0,114.0,117.0,129.0,127.0,128.0,128.0,128.0,121.0,128.0,130.0,126.0,126.0,139.0,138.0,146.0,142.0,141.0,137.0,132.0,141.0,140.0,141.0,145.0,145.0,152.0,141.0,148.0,148.0,148.0,144.0,144.0,148.0,150.0,149.0,152.0,148.0,154.0,152.0,152.0,151.0,150.0,154.0,154.0,153.0,156.0,154.0,152.0,154.0,156.0,156.0,154.0,152.0,156.0,155.0,156.0,155.0,155.0,156.0,155.0,156.0,156.0,154.0,156.0,156.0,156.0,156.0,156.0,156.0,156.0,156.0,156.0,156.0,AGTGCGATGCGT,BC,B,C
BC02,1,1,1,1,1,1,1,1,1,1,238.0,236.0,239.0,239.0,246.0,238.0,250.0,232.0,246.0,258.0,317.0,315.0,316.0,316.0,328.0,336.0,317.0,335.0,322.0,303.0,369.0,371.0,373.0,366.0,374.0,363.0,370.0,369.0,375.0,384.0,406.0,418.0,419.0,402.0,404.0,398.0,401.0,410.0,402.0,412.0,426.0,435.0,434.0,429.0,420.0,427.0,424.0,426.0,433.0,438.0,450.0,440.0,444.0,447.0,444.0,450.0,451.0,444.0,453.0,442.0,459.0,461.0,453.0,457.0,458.0,460.0,462.0,459.0,450.0,452.0,467.0,467.0,464.0,464.0,464.0,471.0,469.0,468.0,464.0,475.0,471.0,473.0,472.0,473.0,472.0,472.0,474.0,475.0,473.0,470.0,ACGATGCGACCA,BC,B,C
BC03,1,1,1,1,1,1,1,1,1,1,116.0,125.0,116.0,118.0,120.0,117.0,106.0,117.0,115.0,122.0,140.0,158.0,152.0,149.0,142.0,146.0,140.0,151.0,147.0,159.0,169.0,169.0,162.0,167.0,170.0,160.0,172.0,171.0,168.0,177.0,189.0,175.0,193.0,192.0,188.0,188.0,193.0,191.0,193.0,182.0,198.0,206.0,199.0,197.0,202.0,195.0,196.0,200.0,200.0,199.0,207.0,205.0,209.0,209.0,207.0,198.0,211.0,212.0,200.0,205.0,215.0,223.0,213.0,214.0,211.0,214.0,215.0,216.0,214.0,219.0,222.0,215.0,214.0,223.0,222.0,223.0,221.0,218.0,214.0,222.0,219.0,226.0,220.0,223.0,228.0,219.0,218.0,223.0,226.0,224.0,AGCTATCCACGA,BC,B,C
BC04,1,1,1,1,1,1,1,1,1,1,17.0,18.0,19.0,19.0,19.0,19.0,17.0,19.0,18.0,18.0,,,,,,,,,,,,,,,,,,,,,,,,,,,,,,,,,,,,,,,,,,,,,,,,,,,,,,,,,,,,,,,,,,,,,,,,,,,,,,,,,ATGCAGCTCAGT,BC,B,C
BD01,1,1,1,1,1,1,1,1,1,1,403.0,399.0,408.0,415.0,407.0,404.0,409.0,402.0,397.0,411.0,438.0,437.0,438.0,430.0,435.0,437.0,429.0,429.0,431.0,436.0,444.0,446.0,447.0,445.0,444.0,441.0,443.0,444.0,443.0,446.0,448.0,448.0,448.0,448.0,448.0,448.0,448.0,448.0,448.0,448.0,,,,,,,,,,,,,,,,,,,,,,,,,,,,,,,,,,,,,,,,,,,,,,,,,,,CACGTGACATGT,BD,B,D
BD02,1,1,1,1,1,1,1,1,1,1,748.0,769.0,768.0,749.0,771.0,781.0,756.0,753.0,749.0,773.0,870.0,873.0,865.0,875.0,865.0,871.0,869.0,865.0,856.0,871.0,909.0,910.0,908.0,911.0,907.0,905.0,907.0,910.0,904.0,902.0,923.0,926.0,927.0,919.0,927.0,926.0,923.0,926.0,923.0,927.0,930.0,933.0,934.0,931.0,933.0,936.0,934.0,929.0,931.0,934.0,935.0,936.0,936.0,935.0,935.0,935.0,934.0,935.0,935.0,936.0,,,,,,,,,,,,,,,,,,,,,,,,,,,,,,,ACAGTTGCGCGA,BD,B,D
BD03,1,1,1,1,1,1,1,1,1,1,633.0,628.0,636.0,632.0,631.0,628.0,644.0,635.0,636.0,637.0,670.0,671.0,676.0,681.0,686.0,669.0,685.0,673.0,675.0,673.0,694.0,691.0,691.0,692.0,692.0,691.0,691.0,693.0,696.0,691.0,703.0,703.0,705.0,702.0,702.0,702.0,700.0,704.0,703.0,702.0,706.0,704.0,707.0,703.0,706.0,705.0,706.0,706.0,707.0,704.0,707.0,707.0,707.0,707.0,707.0,707.0,707.0,707.0,707.0,706.0,,,,,,,,,,,,,,,,,,,,,,,,,,,,,,,CACGACAGGCTA,BD,B,D
BD04,1,1,1,1,1,1,1,1,1,1,324.0,326.0,341.0,339.0,324.0,330.0,329.0,328.0,333.0,332.0,375.0,368.0,373.0,372.0,376.0,372.0,368.0,373.0,366.0,370.0,381.0,384.0,386.0,384.0,385.0,382.0,386.0,382.0,385.0,382.0,387.0,387.0,387.0,387.0,387.0,387.0,387.0,387.0,387.0,387.0,,,,,,,,,,,,,,,,,,,,,,,,,,,,,,,,,,,,,,,,,,,,,,,,,,,AGTGTCACGGTG,BD,B,D
BE01,1,1,1,1,1,1,1,1,1,1,915.0,911.0,914.0,888.0,903.0,901.0,904.0,895.0,909.0,902.0,1038.0,1055.0,1034.0,1034.0,1041.0,1059.0,1049.0,1041.0,1016.0,1041.0,1101.0,1100.0,1104.0,1106.0,1112.0,1107.0,1101.0,1099.0,1106.0,1106.0,1134.0,1140.0,1140.0,1132.0,1131.0,1131.0,1139.0,1136.0,1138.0,1136.0,1148.0,1152.0,1149.0,1153.0,1148.0,1152.0,1153.0,1140.0,1154.0,1146.0,1154.0,1158.0,1161.0,1161.0,1161.0,1160.0,1161.0,1158.0,1160.0,1162.0,1164.0,1163.0,1163.0,1164.0,1164.0,1163.0,1163.0,1163.0,1162.0,1164.0,,,,,,,,,,,,,,,,,,,,,CAAGTGAGAGAG,BE,B,E
BE02,1,1,1,1,1,1,1,1,1,1,358.0,376.0,369.0,357.0,357.0,381.0,364.0,360.0,369.0,359.0,493.0,508.0,471.0,489.0,500.0,484.0,472.0,481.0,488.0,480.0,539.0,565.0,539.0,548.0,568.0,566.0,574.0,572.0,548.0,561.0,626.0,606.0,598.0,610.0,621.0,591.0,607.0,609.0,616.0,606.0,646.0,646.0,643.0,657.0,653.0,647.0,661.0,647.0,660.0,648.0,671.0,686.0,683.0,668.0,676.0,673.0,674.0,678.0,674.0,690.0,697.0,708.0,699.0,696.0,699.0,693.0,702.0,687.0,694.0,698.0,714.0,709.0,710.0,722.0,712.0,712.0,705.0,707.0,713.0,717.0,722.0,725.0,719.0,724.0,728.0,731.0,730.0,720.0,719.0,721.0,CATCGTATCAAC,BE,B,E
BE03,1,1,1,1,1,1,1,1,1,1,938.0,947.0,937.0,904.0,928.0,940.0,949.0,936.0,943.0,947.0,1142.0,1130.0,1141.0,1132.0,1126.0,1139.0,1124.0,1135.0,1142.0,1152.0,1238.0,1236.0,1238.0,1237.0,1226.0,1227.0,1230.0,1230.0,1244.0,1215.0,1293.0,1292.0,1285.0,1293.0,1303.0,1297.0,1290.0,1274.0,1290.0,1287.0,1318.0,1318.0,1321.0,1319.0,1303.0,1314.0,1311.0,1317.0,1317.0,1326.0,1329.0,1329.0,1332.0,1331.0,1331.0,1329.0,1328.0,1336.0,1332.0,1333.0,1337.0,1338.0,1338.0,1337.0,1339.0,1339.0,1336.0,1336.0,1338.0,1338.0,,,,,,,,,,,,,,,,,,,,,CAGTGTCAGGAC,BE,B,E
BE04,1,1,1,1,1,1,1,1,1,1,983.0,969.0,983.0,960.0,956.0,970.0,989.0,970.0,983.0,987.0,1140.0,1137.0,1129.0,1124.0,1128.0,1122.0,1131.0,1148.0,1134.0,1130.0,1202.0,1198.0,1207.0,1203.0,1209.0,1196.0,1204.0,1208.0,1203.0,1194.0,1239.0,1240.0,1244.0,1240.0,1232.0,1234.0,1243.0,1241.0,1235.0,1231.0,1258.0,1253.0,1253.0,1258.0,1258.0,1254.0,1251.0,1258.0,1252.0,1257.0,1260.0,1260.0,1260.0,1260.0,1260.0,1260.0,1260.0,1260.0,1260.0,1260.0,,,,,,,,,,,,,,,,,,,,,,,,,,,,,,,ATCTTAGACTGC,BE,B,E
BF01,1,1,1,1,1,1,1,1,1,1,931.0,939.0,931.0,949.0,932.0,931.0,942.0,946.0,932.0,950.0,1094.0,1121.0,1119.0,1122.0,1125.0,1100.0,1104.0,1103.0,1115.0,1101.0,1192.0,1197.0,1194.0,1210.0,1206.0,1194.0,1204.0,1198.0,1201.0,1198.0,1257.0,1249.0,1245.0,1243.0,1246.0,1247.0,1244.0,1241.0,1236.0,1248.0,1275.0,1270.0,1266.0,1276.0,1262.0,1271.0,1267.0,1283.0,1269.0,1269.0,1285.0,1290.0,1293.0,1287.0,1279.0,1287.0,1284.0,1287.0,1292.0,1287.0,1293.0,1293.0,1295.0,1295.0,1295.0,1294.0,1296.0,1295.0,1294.0,1295.0,,,,,,,,,,,,,,,,,,,,,CAGACATTGCGT,BF,B,F
BF02,1,1,1,1,1,1,1,1,1,1,968.0,980.0,972.0,983.0,1018.0,1001.0,980.0,1007.0,982.0,993.0,1202.0,1226.0,1176.0,1225.0,1190.0,1198.0,1233.0,1193.0,1207.0,1214.0,1319.0,1308.0,1323.0,1319.0,1296.0,1327.0,1303.0,1324.0,1330.0,1306.0,1371.0,1364.0,1380.0,1397.0,1381.0,1376.0,1377.0,1396.0,1378.0,1374.0,1427.0,1405.0,1415.0,1416.0,1414.0,1411.0,1410.0,1422.0,1416.0,1423.0,1447.0,1434.0,1451.0,1448.0,1437.0,1447.0,1451.0,1444.0,1437.0,1437.0,1462.0,1459.0,1457.0,1457.0,1459.0,1459.0,1463.0,1464.0,1460.0,1456.0,1471.0,1470.0,1467.0,1472.0,1465.0,1475.0,1471.0,1463.0,1474.0,1471.0,1475.0,1475.0,1477.0,1475.0,1473.0,1472.0,1477.0,1475.0,1475.0,1477.0,CGATGCACCAGA,BF,B,F
BF03,1,1,1,1,1,1,1,1,1,1,573.0,579.0,575.0,591.0,595.0,599.0,602.0,609.0,593.0,579.0,728.0,724.0,705.0,731.0,734.0,727.0,723.0,712.0,728.0,734.0,790.0,795.0,786.0,798.0,792.0,790.0,792.0,782.0,791.0,799.0,841.0,833.0,829.0,840.0,835.0,846.0,826.0,838.0,833.0,843.0,864.0,864.0,853.0,862.0,857.0,866.0,862.0,858.0,873.0,863.0,877.0,878.0,867.0,877.0,885.0,879.0,888.0,879.0,876.0,880.0,886.0,886.0,890.0,886.0,887.0,887.0,890.0,888.0,885.0,889.0,894.0,894.0,894.0,894.0,894.0,894.0,894.0,894.0,893.0,894.0,,,,,,,,,,,CTAGAGACTCTT,BF,B,F
BF04,1,1,1,1,1,1,1,1,1,1,657.0,651.0,640.0,648.0,658.0,638.0,652.0,636.0,642.0,646.0,743.0,753.0,766.0,752.0,768.0,755.0,763.0,764.0,755.0,768.0,820.0,818.0,808.0,822.0,811.0,815.0,819.0,814.0,815.0,827.0,851.0,846.0,845.0,850.0,839.0,840.0,846.0,841.0,832.0,846.0,858.0,854.0,857.0,858.0,856.0,861.0,858.0,858.0,861.0,857.0,864.0,867.0,866.0,867.0,867.0,866.0,864.0,865.0,866.0,863.0,,,,,,,,,,,,,,,,,,,,,,,,,,,,,,,ATGGCAGCTCTA,BF,B,F
BG01,1,1,1,1,1,1,1,1,1,1,762.0,740.0,744.0,758.0,761.0,738.0,746.0,720.0,750.0,748.0,867.0,868.0,864.0,868.0,864.0,861.0,883.0,866.0,864.0,873.0,927.0,924.0,929.0,917.0,923.0,929.0,924.0,919.0,925.0,927.0,950.0,948.0,953.0,951.0,953.0,951.0,957.0,947.0,953.0,955.0,966.0,968.0,966.0,964.0,964.0,971.0,968.0,967.0,969.0,966.0,973.0,973.0,972.0,971.0,973.0,973.0,972.0,974.0,974.0,972.0,974.0,974.0,974.0,974.0,974.0,974.0,974.0,974.0,974.0,974.0,,,,,,,,,,,,,,,,,,,,,CTGAGATACGCG,BG,B,G
BG02,1,1,1,1,1,1,1,1,1,1,791.0,792.0,817.0,808.0,824.0,829.0,827.0,804.0,800.0,838.0,1020.0,1007.0,1014.0,1014.0,1008.0,1013.0,1018.0,1018.0,993.0,1009.0,1133.0,1115.0,1114.0,1132.0,1102.0,1119.0,1117.0,1100.0,1111.0,1117.0,1177.0,1163.0,1165.0,1165.0,1170.0,1186.0,1165.0,1165.0,1178.0,1172.0,1223.0,1214.0,1229.0,1204.0,1213.0,1216.0,1212.0,1210.0,1214.0,1207.0,1244.0,1239.0,1241.0,1245.0,1238.0,1235.0,1249.0,1248.0,1241.0,1246.0,1265.0,1254.0,1252.0,1253.0,1264.0,1259.0,1260.0,1264.0,1260.0,1263.0,1268.0,1269.0,1265.0,1269.0,1270.0,1269.0,1270.0,1272.0,1269.0,1265.0,1273.0,1273.0,1274.0,1274.0,1275.0,1272.0,1275.0,1272.0,1275.0,1274.0,CCGACTGAGATG,BG,B,G
BG03,1,1,1,1,1,1,1,1,1,1,780.0,804.0,774.0,795.0,794.0,804.0,796.0,796.0,790.0,773.0,955.0,974.0,966.0,966.0,961.0,956.0,971.0,971.0,952.0,969.0,1039.0,1045.0,1044.0,1051.0,1051.0,1049.0,1043.0,1063.0,1027.0,1043.0,1091.0,1084.0,1089.0,1083.0,1091.0,1087.0,1100.0,1098.0,1092.0,1079.0,1126.0,1109.0,1117.0,1114.0,1117.0,1121.0,1125.0,1120.0,1118.0,1108.0,1142.0,1138.0,1138.0,1136.0,1139.0,1134.0,1137.0,1132.0,1141.0,1140.0,1144.0,1147.0,1148.0,1147.0,1144.0,1147.0,1147.0,1147.0,1147.0,1144.0,1150.0,1150.0,1151.0,1150.0,1151.0,1151.0,1151.0,1151.0,1150.0,1151.0,,,,,,,,,,,CCTCTCGTGATC,BG,B,G
BG04,1,1,1,1,1,1,1,1,1,1,548.0,566.0,535.0,548.0,550.0,551.0,565.0,555.0,549.0,549.0,658.0,666.0,659.0,660.0,658.0,657.0,648.0,650.0,658.0,644.0,694.0,703.0,682.0,693.0,702.0,709.0,695.0,689.0,698.0,699.0,720.0,720.0,719.0,719.0,719.0,716.0,718.0,714.0,718.0,716.0,728.0,729.0,725.0,728.0,728.0,727.0,729.0,728.0,730.0,726.0,730.0,730.0,730.0,730.0,730.0,730.0,730.0,730.0,730.0,730.0,,,,,,,,,,,,,,,,,,,,,,,,,,,,,,,CATATCGCAGTT,BG,B,G
BH01,1,1,1,1,1,1,1,1,1,1,565.0,562.0,559.0,560.0,573.0,564.0,574.0,572.0,569.0,564.0,638.0,630.0,623.0,627.0,617.0,623.0,631.0,632.0,625.0,629.0,653.0,657.0,658.0,644.0,651.0,660.0,654.0,650.0,648.0,656.0,669.0,665.0,670.0,669.0,671.0,666.0,670.0,672.0,670.0,670.0,673.0,674.0,674.0,673.0,674.0,674.0,673.0,674.0,674.0,672.0,,,,,,,,,,,,,,,,,,,,,,,,,,,,,,,,,,,,,,,,,CGTGCATTATCA,BH,B,H
BH02,1,1,1,1,1,1,1,1,1,1,1386.0,1385.0,1380.0,1396.0,1357.0,1388.0,1388.0,1383.0,1395.0,1346.0,1632.0,1610.0,1622.0,1630.0,1614.0,1604.0,1604.0,1637.0,1633.0,1611.0,1752.0,1757.0,1736.0,1756.0,1739.0,1772.0,1754.0,1744.0,1750.0,1779.0,1826.0,1809.0,1829.0,1837.0,1831.0,1839.0,1829.0,1837.0,1819.0,1842.0,1871.0,1886.0,1889.0,1863.0,1891.0,1873.0,1886.0,1872.0,1883.0,1878.0,1918.0,1915.0,1906.0,1910.0,1925.0,1913.0,1907.0,1908.0,1901.0,1899.0,1944.0,1936.0,1920.0,1934.0,1943.0,1935.0,1928.0,1935.0,1939.0,1931.0,1948.0,1946.0,1945.0,1945.0,1948.0,1950.0,1952.0,1945.0,1948.0,1950.0,1956.0,1957.0,1953.0,1951.0,1952.0,1956.0,1958.0,1956.0,1953.0,1954.0,CTAACGCAGTCA,BH,B,H
BH03,1,1,1,1,1,1,1,1,1,1,1310.0,1289.0,1319.0,1309.0,1290.0,1283.0,1277.0,1288.0,1281.0,1286.0,1588.0,1589.0,1592.0,1593.0,1569.0,1575.0,1596.0,1602.0,1560.0,1592.0,1751.0,1728.0,1747.0,1758.0,1745.0,1742.0,1750.0,1748.0,1765.0,1717.0,1829.0,1849.0,1852.0,1854.0,1843.0,1840.0,1856.0,1854.0,1857.0,1852.0,1902.0,1910.0,1908.0,1903.0,1937.0,1916.0,1907.0,1909.0,1899.0,1916.0,1940.0,1967.0,1973.0,1959.0,1951.0,1948.0,1963.0,1958.0,1952.0,1958.0,1996.0,1986.0,2002.0,1992.0,2000.0,2000.0,2001.0,2001.0,2000.0,1985.0,2012.0,2008.0,2025.0,2017.0,2011.0,2020.0,2015.0,2013.0,2010.0,2016.0,2040.0,2026.0,2031.0,2037.0,2033.0,2037.0,2030.0,2028.0,2031.0,2029.0,CTCAATGACTCA,BH,B,H
BH04,1,1,1,1,1,1,1,1,1,1,294.0,301.0,301.0,292.0,304.0,300.0,299.0,311.0,312.0,295.0,365.0,358.0,364.0,375.0,365.0,370.0,361.0,358.0,368.0,361.0,397.0,390.0,390.0,396.0,387.0,390.0,391.0,392.0,391.0,402.0,413.0,412.0,416.0,413.0,413.0,412.0,413.0,411.0,410.0,419.0,422.0,423.0,421.0,422.0,422.0,419.0,417.0,419.0,425.0,421.0,425.0,426.0,424.0,427.0,425.0,428.0,428.0,427.0,427.0,424.0,428.0,429.0,429.0,429.0,428.0,429.0,429.0,429.0,428.0,428.0,,,,,,,,,,,,,,,,,,,,,ATCGATCTGTGG,BH,B,H
BI01,1,1,1,1,1,1,1,1,1,1,313.0,309.0,310.0,300.0,298.0,311.0,293.0,309.0,310.0,311.0,386.0,382.0,380.0,376.0,380.0,384.0,394.0,383.0,384.0,382.0,413.0,430.0,428.0,417.0,424.0,416.0,428.0,422.0,418.0,429.0,442.0,458.0,446.0,450.0,456.0,452.0,446.0,451.0,453.0,453.0,462.0,460.0,460.0,463.0,465.0,459.0,462.0,464.0,465.0,466.0,470.0,471.0,474.0,471.0,471.0,472.0,469.0,472.0,472.0,474.0,476.0,476.0,476.0,476.0,472.0,475.0,476.0,475.0,474.0,474.0,476.0,476.0,476.0,476.0,476.0,476.0,476.0,476.0,476.0,476.0,,,,,,,,,,,CTCGTGGAGTAG,BI,B,I
BI02,1,1,1,1,1,1,1,1,1,1,884.0,873.0,908.0,894.0,857.0,868.0,885.0,868.0,882.0,891.0,1082.0,1102.0,1087.0,1091.0,1088.0,1112.0,1082.0,1094.0,1102.0,1106.0,1216.0,1208.0,1234.0,1222.0,1214.0,1238.0,1210.0,1214.0,1202.0,1210.0,1291.0,1281.0,1286.0,1273.0,1273.0,1282.0,1290.0,1286.0,1276.0,1284.0,1344.0,1326.0,1325.0,1341.0,1334.0,1329.0,1348.0,1327.0,1338.0,1333.0,1372.0,1374.0,1370.0,1361.0,1364.0,1357.0,1367.0,1363.0,1361.0,1376.0,1388.0,1378.0,1392.0,1392.0,1393.0,1383.0,1388.0,1395.0,1392.0,1391.0,1407.0,1407.0,1398.0,1402.0,1406.0,1402.0,1404.0,1403.0,1400.0,1398.0,1414.0,1413.0,1412.0,1418.0,1411.0,1417.0,1415.0,1410.0,1413.0,1412.0,GCGTTACACACA,BI,B,I
BI03,1,1,1,1,1,1,1,1,1,1,1152.0,1143.0,1119.0,1152.0,1163.0,1148.0,1120.0,1179.0,1140.0,1149.0,1393.0,1393.0,1378.0,1418.0,1412.0,1407.0,1411.0,1398.0,1413.0,1414.0,1551.0,1532.0,1513.0,1513.0,1544.0,1535.0,1525.0,1534.0,1534.0,1522.0,1629.0,1609.0,1630.0,1642.0,1641.0,1615.0,1629.0,1626.0,1618.0,1629.0,1683.0,1689.0,1697.0,1708.0,1688.0,1697.0,1694.0,1679.0,1674.0,1711.0,1735.0,1730.0,1733.0,1726.0,1726.0,1726.0,1746.0,1731.0,1732.0,1732.0,1762.0,1768.0,1755.0,1759.0,1760.0,1763.0,1755.0,1766.0,1770.0,1761.0,1786.0,1782.0,1785.0,1780.0,1789.0,1787.0,1783.0,1779.0,1791.0,1783.0,1802.0,1797.0,1802.0,1802.0,1796.0,1809.0,1801.0,1801.0,1803.0,1798.0,GAACTGTATCTC,BI,B,I
BI04,1,1,1,1,1,1,1,1,1,1,613.0,612.0,621.0,622.0,619.0,620.0,624.0,624.0,618.0,619.0,647.0,645.0,658.0,650.0,650.0,655.0,652.0,652.0,652.0,651.0,664.0,661.0,662.0,661.0,660.0,662.0,662.0,663.0,665.0,665.0,665.0,665.0,664.0,665.0,664.0,665.0,664.0,665.0,664.0,665.0,,,,,,,,,,,,,,,,,,,,,,,,,,,,,,,,,,,,,,,,,,,,,,,,,,,CTGGACTCATAG,BI,B,I
BJ01,1,1,1,1,1,1,1,1,1,1,363.0,349.0,351.0,344.0,354.0,354.0,358.0,366.0,362.0,353.0,438.0,421.0,435.0,426.0,440.0,432.0,432.0,439.0,436.0,439.0,474.0,472.0,471.0,468.0,466.0,483.0,471.0,480.0,471.0,478.0,494.0,490.0,491.0,494.0,498.0,493.0,491.0,498.0,498.0,496.0,506.0,505.0,501.0,506.0,503.0,501.0,506.0,504.0,505.0,506.0,510.0,507.0,510.0,509.0,510.0,509.0,509.0,508.0,509.0,510.0,,,,,,,,,,,,,,,,,,,,,,,,,,,,,,,GAGGCTCATCAT,BJ,B,J
BJ03,1,1,1,1,1,1,1,1,1,1,845.0,862.0,860.0,857.0,851.0,839.0,869.0,866.0,851.0,866.0,1016.0,1033.0,1033.0,1049.0,1038.0,1018.0,1043.0,1044.0,1050.0,1050.0,1158.0,1156.0,1131.0,1167.0,1165.0,1151.0,1156.0,1133.0,1170.0,1180.0,1227.0,1218.0,1218.0,1216.0,1230.0,1210.0,1220.0,1239.0,1234.0,1230.0,1270.0,1283.0,1273.0,1273.0,1270.0,1267.0,1286.0,1272.0,1275.0,1268.0,1312.0,1316.0,1314.0,1328.0,1325.0,1301.0,1325.0,1311.0,1304.0,1325.0,1334.0,1336.0,1335.0,1337.0,1354.0,1351.0,1351.0,1341.0,1344.0,1339.0,1363.0,1368.0,1361.0,1360.0,1365.0,1363.0,1353.0,1364.0,1369.0,1366.0,1392.0,1381.0,1382.0,1379.0,1372.0,1366.0,1383.0,1390.0,1385.0,1370.0,GATACGTCCTGA,BJ,B,J
BJ04,1,1,1,1,1,1,1,1,1,1,484.0,483.0,477.0,482.0,474.0,458.0,468.0,472.0,467.0,480.0,546.0,553.0,558.0,557.0,562.0,551.0,549.0,550.0,547.0,547.0,586.0,588.0,578.0,580.0,585.0,590.0,576.0,580.0,582.0,588.0,598.0,602.0,586.0,605.0,605.0,598.0,601.0,599.0,603.0,593.0,613.0,610.0,611.0,606.0,612.0,609.0,608.0,613.0,606.0,611.0,616.0,615.0,613.0,615.0,616.0,613.0,612.0,614.0,614.0,614.0,616.0,616.0,616.0,616.0,616.0,616.0,616.0,616.0,616.0,616.0,,,,,,,,,,,,,,,,,,,,,GATTAGCACTCT,BJ,B,J
BL01,1,1,1,1,1,1,1,1,1,1,1027.0,1023.0,1022.0,1015.0,1023.0,1013.0,1038.0,1033.0,1020.0,1044.0,1124.0,1118.0,1124.0,1125.0,1126.0,1106.0,1115.0,1122.0,1116.0,1118.0,1156.0,1161.0,1160.0,1158.0,1154.0,1159.0,1160.0,1161.0,1166.0,1149.0,1175.0,1172.0,1176.0,1174.0,1172.0,1173.0,1178.0,1174.0,1174.0,1172.0,1185.0,1185.0,1188.0,1181.0,1187.0,1187.0,1185.0,1187.0,1186.0,1186.0,1188.0,1189.0,1189.0,1187.0,1189.0,1188.0,1188.0,1186.0,1188.0,1187.0,,,,,,,,,,,,,,,,,,,,,,,,,,,,,,,GATTAGCACTCT,BL,B,L
BL02,1,1,1,1,1,1,1,1,1,1,1352.0,1301.0,1290.0,1314.0,1301.0,1327.0,1306.0,1330.0,1316.0,1318.0,1584.0,1573.0,1555.0,1603.0,1572.0,1559.0,1586.0,1556.0,1585.0,1584.0,1691.0,1689.0,1694.0,1692.0,1699.0,1685.0,1691.0,1696.0,1688.0,1702.0,1769.0,1776.0,1778.0,1790.0,1772.0,1779.0,1776.0,1798.0,1769.0,1775.0,1819.0,1821.0,1815.0,1828.0,1830.0,1817.0,1836.0,1847.0,1815.0,1826.0,1868.0,1861.0,1857.0,1863.0,1863.0,1859.0,1850.0,1846.0,1858.0,1843.0,1885.0,1886.0,1874.0,1885.0,1882.0,1878.0,1880.0,1880.0,1876.0,1869.0,1891.0,1893.0,1891.0,1891.0,1893.0,1887.0,1881.0,1887.0,1894.0,1891.0,1896.0,1900.0,1896.0,1898.0,1897.0,1894.0,1896.0,1898.0,1897.0,1898.0,GATTAGCACTCT,BL,B,L
