"","ID","Description","GeneRatio","BgRatio","pvalue","p.adjust","qvalue","geneID","Count"
"ko05014","ko05014","Amyotrophic lateral sclerosis","23/117","323/4543",5.33025712217546e-06,0.0011726565668786,0.00116704576990789,"evm.model.tig082700000116.89/evm.model.tig082700000254.39/evm.model.tig082700000096.201/evm.model.tig082700000219.37/evm.model.tig082700000283.4/evm.model.tig082700000096.439/evm.model.tig082700000155.18/evm.model.tig082700000155.9/evm.model.tig082700000127.248/evm.model.tig082700000149.260/evm.model.tig082700000377.13/evm.model.tig082700000153.20/evm.model.tig082700000016.844/evm.model.tig082700000225.1/evm.model.tig082700000174.25/evm.model.tig082700002115.34/evm.model.tig082700000106.123/evm.model.tig082700000140.131/evm.model.tig082700000387.8/evm.model.tig082700000427.5/evm.model.tig082700000071.488/evm.model.tig082700000287.13/evm.model.tig082700000106.46",23
"ko05016","ko05016","Huntington disease","18/117","296/4543",0.000480506477982286,0.0528557125780515,0.052602814431745,"evm.model.tig082700000116.89/evm.model.tig082700000096.201/evm.model.tig082700000283.4/evm.model.tig082700000096.439/evm.model.tig082700000155.18/evm.model.tig082700000357.48/evm.model.tig082700000155.9/evm.model.tig082700000127.248/evm.model.tig082700000149.260/evm.model.tig082700000153.20/evm.model.tig082700000225.1/evm.model.tig082700000174.25/evm.model.tig082700000106.123/evm.model.tig082700000140.131/evm.model.tig082700000427.5/evm.model.tig082700000071.488/evm.model.tig082700000287.13/evm.model.tig082700000106.46",18
"ko04260","ko04260","Cardiac muscle contraction","4/117","20/4543",0.00147122481515647,0.107889819778141,0.107373600544753,"evm.model.tig082700000174.35/evm.model.tig082700000071.497/evm.model.tig082700000140.131/evm.model.tig082700000287.13",4
"ko00190","ko00190","Oxidative phosphorylation","6/117","58/4543",0.00348414349573545,0.162642804202329,0.161864608966912,"evm.model.tig082700000106.123/evm.model.tig082700000140.131/evm.model.tig082700000156.65/evm.model.tig082700000238.50/evm.model.tig082700000427.5/evm.model.tig082700000287.13",6
"ko05022","ko05022","Pathways of neurodegeneration - multiple diseases","22/117","470/4543",0.00369642736823476,0.162642804202329,0.161864608966912,"evm.model.tig082700000116.89/evm.model.tig082700000096.201/evm.model.tig082700000219.37/evm.model.tig082700000283.4/evm.model.tig082700000096.439/evm.model.tig082700000155.18/evm.model.tig082700000357.48/evm.model.tig082700000155.9/evm.model.tig082700000127.248/evm.model.tig082700000149.260/evm.model.tig082700000377.13/evm.model.tig082700000153.20/evm.model.tig082700000016.844/evm.model.tig082700000225.1/evm.model.tig082700000174.25/evm.model.tig082700000106.123/evm.model.tig082700000140.131/evm.model.tig082700000122.178/evm.model.tig082700000427.5/evm.model.tig082700000071.488/evm.model.tig082700000287.13/evm.model.tig082700000106.46",22
"ko00640","ko00640","Propanoate metabolism","4/117","27/4543",0.00463801180281766,0.170060432769981,0.169246746488785,"evm.model.tig082700000246.27/evm.model.tig082700000162.187/evm.model.tig082700000067.295/evm.model.tig082700000136.294",4
"ko05208","ko05208","Chemical carcinogenesis - reactive oxygen species","8/117","117/4543",0.0100332742133839,0.315331475277781,0.313822712238174,"evm.model.tig082700000020.211/evm.model.tig082700000187.100/evm.model.tig082700000357.48/evm.model.tig082700000377.13/evm.model.tig082700000106.123/evm.model.tig082700000140.131/evm.model.tig082700000106.167/evm.model.tig082700000287.13",8
"ko05020","ko05020","Prion disease","11/117","205/4543",0.0157147812421083,0.432156484157979,0.430088749784017,"evm.model.tig082700000195.110/evm.model.tig082700000096.439/evm.model.tig082700000357.48/evm.model.tig082700000155.9/evm.model.tig082700000174.25/evm.model.tig082700000106.123/evm.model.tig082700000140.131/evm.model.tig082700000427.5/evm.model.tig082700000071.488/evm.model.tig082700000259.38/evm.model.tig082700000287.13",11
"ko04212","ko04212","Longevity regulating pathway - worm","8/117","138/4543",0.0250185734366551,0.553478171094556,0.550829950180228,"evm.model.tig082700000377.13/evm.model.tig082700000153.20/evm.model.tig082700000160.160/evm.model.tig082700031385.8/evm.model.tig082700000106.167/evm.model.tig082700002117.551/evm.model.tig082700000016.67/evm.model.tig082700000106.46",8
"ko04146","ko04146","Peroxisome","5/117","65/4543",0.0251580986861162,0.553478171094556,0.550829950180228,"evm.model.tig082700000153.10/evm.model.tig082700000301.15/evm.model.tig082700000377.13/evm.model.tig082700000106.20/evm.model.tig082700000279.44",5
"ko04210","ko04210","Apoptosis","9/117","177/4543",0.0376701609031255,0.75340321806251,0.749798417976086,"evm.model.tig082700000167.128/evm.model.tig082700000160.160/evm.model.tig082700000167.150/evm.model.tig082700000160.67/evm.model.tig082700000160.172/evm.model.tig082700002117.551/evm.model.tig082700000075.349/evm.model.tig082700000427.5/evm.model.tig082700000071.488",9
"ko04612","ko04612","Antigen processing and presentation","5/117","75/4543",0.0430049384676967,0.788423871907773,0.784651508884291,"evm.model.tig082700000167.128/evm.model.tig082700000167.150/evm.model.tig082700000160.67/evm.model.tig082700000301.10/evm.model.tig082700000075.349",5
"ko03040","ko03040","Spliceosome","7/117","134/4543",0.0563087708206736,0.952917660042168,0.948358245400818,"evm.model.tig082700000178.191/evm.model.tig082700000310.5/evm.model.tig082700000310.32/evm.model.tig082700000128.40/evm.model.tig082700002115.34/evm.model.tig082700002117.359/evm.model.tig082700000127.61",7
"ko05323","ko05323","Rheumatoid arthritis","4/117","59/4543",0.0643899372064541,0.958134520043381,0.953550144349394,"evm.model.tig082700000167.128/evm.model.tig082700000167.150/evm.model.tig082700000160.67/evm.model.tig082700000075.349",4
"ko05012","ko05012","Parkinson disease","11/117","268/4543",0.0825858418010618,0.958134520043381,0.953550144349394,"evm.model.tig082700000195.110/evm.model.tig082700000096.439/evm.model.tig082700000357.48/evm.model.tig082700000155.9/evm.model.tig082700000174.25/evm.model.tig082700000106.123/evm.model.tig082700000140.131/evm.model.tig082700000122.178/evm.model.tig082700000427.5/evm.model.tig082700000071.488/evm.model.tig082700000287.13",11
"ko00983","ko00983","Drug metabolism - other enzymes","4/117","66/4543",0.0891558966623628,0.958134520043381,0.953550144349394,"evm.model.tig082700000140.216/evm.model.tig082700000301.15/evm.model.tig082700000106.167/evm.model.tig082700002117.291",4
"ko01200","ko01200","Carbon metabolism","6/117","122/4543",0.0934099830186866,0.958134520043381,0.953550144349394,"evm.model.tig082700000096.129/evm.model.tig082700000246.27/evm.model.tig082700000377.13/evm.model.tig082700000162.187/evm.model.tig082700000140.208/evm.model.tig082700000136.294",6
"ko04932","ko04932","Non-alcoholic fatty liver disease","4/117","68/4543",0.0969684716130126,0.958134520043381,0.953550144349394,"evm.model.tig082700000106.123/evm.model.tig082700000140.131/evm.model.tig082700000427.5/evm.model.tig082700000287.13",4
"ko04911","ko04911","Insulin secretion","3/117","45/4543",0.108478324873043,0.958134520043381,0.953550144349394,"evm.model.tig082700000067.403/evm.model.tig082700000195.110/evm.model.tig082700000071.497",3
"ko04144","ko04144","Endocytosis","7/117","157/4543",0.108803227893958,0.958134520043381,0.953550144349394,"evm.model.tig082700000096.97/evm.model.tig082700000140.299/evm.model.tig082700000020.211/evm.model.tig082700000187.100/evm.model.tig082700000156.203/evm.model.tig082700000075.21/evm.model.tig082700000140.36",7
"ko05322","ko05322","Systemic lupus erythematosus","2/117","22/4543",0.108805572355215,0.958134520043381,0.953550144349394,"evm.model.tig082700000020.624/evm.model.tig082700000151.129",2
"ko05415","ko05415","Diabetic cardiomyopathy","5/117","99/4543",0.110695032895549,0.958134520043381,0.953550144349394,"evm.model.tig082700000357.48/evm.model.tig082700000106.123/evm.model.tig082700000140.131/evm.model.tig082700000160.172/evm.model.tig082700000287.13",5
"ko01232","ko01232","Nucleotide metabolism","4/117","72/4543",0.113518003526203,0.958134520043381,0.953550144349394,"evm.model.tig082700000140.216/evm.model.tig082700000301.15/evm.model.tig082700000187.131/evm.model.tig082700002117.291",4
"ko00920","ko00920","Sulfur metabolism","2/117","23/4543",0.117239139146653,0.958134520043381,0.953550144349394,"evm.model.tig082700000116.173/evm.model.tig082700000178.137",2
"ko04120","ko04120","Ubiquitin mediated proteolysis","7/117","164/4543",0.128715135480742,0.958134520043381,0.953550144349394,"evm.model.tig082700000140.299/evm.model.tig082700000289.14/evm.model.tig082700000075.63/evm.model.tig082700031369.62/evm.model.tig082700000155.34/evm.model.tig082700002117.359/evm.model.tig082700000122.178",7
"ko04145","ko04145","Phagosome","5/117","104/4543",0.129028106623572,0.958134520043381,0.953550144349394,"evm.model.tig082700000167.128/evm.model.tig082700000167.150/evm.model.tig082700000160.67/evm.model.tig082700000075.349/evm.model.tig082700000071.488",5
"ko01212","ko01212","Fatty acid metabolism","3/117","49/4543",0.131074987122142,0.958134520043381,0.953550144349394,"evm.model.tig082700000246.27/evm.model.tig082700000106.20/evm.model.tig082700000279.44",3
"ko05205","ko05205","Proteoglycans in cancer","7/117","165/4543",0.131702373950974,0.958134520043381,0.953550144349394,"evm.model.tig082700000195.110/evm.model.tig082700000167.128/evm.model.tig082700000167.150/evm.model.tig082700000128.40/evm.model.tig082700000160.67/evm.model.tig082700000393.9/evm.model.tig082700000075.349",7
"ko04624","ko04624","Toll and Imd signaling pathway","2/117","25/4543",0.13456973098133,0.958134520043381,0.953550144349394,"evm.model.tig082700000155.34/evm.model.tig082700000393.9",2
"ko01120","ko01120","Microbial metabolism in diverse environments","8/117","198/4543",0.136543280215951,0.958134520043381,0.953550144349394,"evm.model.tig082700000096.129/evm.model.tig082700000246.27/evm.model.tig082700000301.15/evm.model.tig082700000162.187/evm.model.tig082700000140.208/evm.model.tig082700000116.173/evm.model.tig082700000178.137/evm.model.tig082700000136.294",8
"ko00330","ko00330","Arginine and proline metabolism","3/117","51/4543",0.142948051778755,0.958134520043381,0.953550144349394,"evm.model.tig082700031375.47/evm.model.tig082700000113.132/evm.model.tig082700000400.23",3
"ko05169","ko05169","Epstein-Barr virus infection","4/117","79/4543",0.145221111643085,0.958134520043381,0.953550144349394,"evm.model.tig082700000140.299/evm.model.tig082700000096.439/evm.model.tig082700000174.25/evm.model.tig082700000427.5",4
"ko05010","ko05010","Alzheimer disease","11/117","300/4543",0.14781744171193,0.958134520043381,0.953550144349394,"evm.model.tig082700000096.439/evm.model.tig082700000357.48/evm.model.tig082700000155.9/evm.model.tig082700000153.20/evm.model.tig082700000174.25/evm.model.tig082700000106.123/evm.model.tig082700000140.131/evm.model.tig082700000427.5/evm.model.tig082700000071.488/evm.model.tig082700000287.13/evm.model.tig082700000106.46",11
"ko00410","ko00410","beta-Alanine metabolism","2/117","27/4543",0.152430491825083,0.958134520043381,0.953550144349394,"evm.model.tig082700031375.47/evm.model.tig082700000246.27",2
"ko00710","ko00710","Carbon fixation in photosynthetic organisms","2/117","27/4543",0.152430491825083,0.958134520043381,0.953550144349394,"evm.model.tig082700000096.129/evm.model.tig082700000140.208",2
"ko00565","ko00565","Ether lipid metabolism","2/117","28/4543",0.161528884172384,0.977423510286693,0.97274684277336,"evm.model.tig082700000020.211/evm.model.tig082700000187.100",2
"ko05166","ko05166","Human T-cell leukemia virus 1 infection","5/117","113/4543",0.165227047313314,0.977423510286693,0.97274684277336,"evm.model.tig082700000289.14/evm.model.tig082700000195.110/evm.model.tig082700000357.48/evm.model.tig082700031372.155/evm.model.tig082700000292.69",5
"ko04714","ko04714","Thermogenesis","6/117","146/4543",0.173145856747902,0.977423510286693,0.97274684277336,"evm.model.tig082700000290.19/evm.model.tig082700000195.110/evm.model.tig082700000106.20/evm.model.tig082700000106.123/evm.model.tig082700000140.131/evm.model.tig082700000287.13",6
"ko00230","ko00230","Purine metabolism","4/117","85/4543",0.174839514866271,0.977423510286693,0.97274684277336,"evm.model.tig082700000140.216/evm.model.tig082700000301.15/evm.model.tig082700000187.131/evm.model.tig082700002117.291",4
"ko04742","ko04742","Taste transduction","2/117","30/4543",0.180004746286279,0.977423510286693,0.97274684277336,"evm.model.tig082700000195.110/evm.model.tig082700000196.125",2
"ko00970","ko00970","Aminoacyl-tRNA biosynthesis","3/117","59/4543",0.193597846460084,0.977423510286693,0.97274684277336,"evm.model.tig082700031374.36/evm.model.tig082700000156.175/evm.model.tig082700000253.115",3
"ko00071","ko00071","Fatty acid degradation","2/117","32/4543",0.198782598346783,0.977423510286693,0.97274684277336,"evm.model.tig082700000246.27/evm.model.tig082700000106.20",2
"ko00020","ko00020","Citrate cycle TCA cycle","2/117","33/4543",0.208260240933082,0.977423510286693,0.97274684277336,"evm.model.tig082700000162.187/evm.model.tig082700000136.294",2
"ko05202","ko05202","Transcriptional misregulation in cancer","2/117","33/4543",0.208260240933082,0.977423510286693,0.97274684277336,"evm.model.tig082700000128.40/evm.model.tig082700000151.129",2
"ko01110","ko01110","Biosynthesis of secondary metabolites","14/117","431/4543",0.21634018931703,0.977423510286693,0.97274684277336,"evm.model.tig082700000096.129/evm.model.tig082700000020.211/evm.model.tig082700000187.100/evm.model.tig082700000246.27/evm.model.tig082700000301.15/evm.model.tig082700000377.13/evm.model.tig082700000113.132/evm.model.tig082700000162.187/evm.model.tig082700000206.83/evm.model.tig082700000140.208/evm.model.tig082700000187.131/evm.model.tig082700000180.36/evm.model.tig082700000136.294/evm.model.tig082700002117.291",14
"ko04215","ko04215","Apoptosis - multiple species","1/117","10/4543",0.229854381359233,0.977423510286693,0.97274684277336,"evm.model.tig082700000427.5",1
"ko04973","ko04973","Carbohydrate digestion and absorption","1/117","10/4543",0.229854381359233,0.977423510286693,0.97274684277336,"evm.model.tig082700000071.497",1
"ko04978","ko04978","Mineral absorption","1/117","10/4543",0.229854381359233,0.977423510286693,0.97274684277336,"evm.model.tig082700000071.497",1
"ko04142","ko04142","Lysosome","7/117","194/4543",0.231970707957282,0.977423510286693,0.97274684277336,"evm.model.tig082700000167.128/evm.model.tig082700000167.150/evm.model.tig082700000160.67/evm.model.tig082700000160.172/evm.model.tig082700000016.37/evm.model.tig082700000301.10/evm.model.tig082700000075.349",7
"ko05212","ko05212","Pancreatic cancer","2/117","36/4543",0.236940853155239,0.977423510286693,0.97274684277336,"evm.model.tig082700000020.211/evm.model.tig082700000187.100",2
"ko05134","ko05134","Legionellosis","3/117","66/4543",0.24101094152658,0.977423510286693,0.97274684277336,"evm.model.tig082700000122.247/evm.model.tig082700000016.67/evm.model.tig082700000427.5",3
"ko05017","ko05017","Spinocerebellar ataxia","6/117","164/4543",0.24656303873433,0.977423510286693,0.97274684277336,"evm.model.tig082700000096.439/evm.model.tig082700000357.48/evm.model.tig082700000153.20/evm.model.tig082700000174.25/evm.model.tig082700000427.5/evm.model.tig082700000106.46",6
"ko00480","ko00480","Glutathione metabolism","3/117","67/4543",0.247947892478067,0.977423510286693,0.97274684277336,"evm.model.tig082700000140.216/evm.model.tig082700000113.132/evm.model.tig082700000106.167",3
"ko05168","ko05168","Herpes simplex virus 1 infection","3/117","67/4543",0.247947892478067,0.977423510286693,0.97274684277336,"evm.model.tig082700000169.31/evm.model.tig082700002115.34/evm.model.tig082700000427.5",3
"ko03050","ko03050","Proteasome","2/117","40/4543",0.275463731698874,0.977423510286693,0.97274684277336,"evm.model.tig082700000096.439/evm.model.tig082700000174.25",2
"ko02020","ko02020","Two-component system","3/117","71/4543",0.275978620472374,0.977423510286693,0.97274684277336,"evm.model.tig082700000140.131/evm.model.tig082700000427.5/evm.model.tig082700000287.13",3
"ko04961","ko04961","Endocrine and other factor-regulated calcium reabsorption","2/117","41/4543",0.285097549079822,0.977423510286693,0.97274684277336,"evm.model.tig082700000195.110/evm.model.tig082700000071.497",2
"ko00130","ko00130","Ubiquinone and other terpenoid-quinone biosynthesis","1/117","13/4543",0.287974958000288,0.977423510286693,0.97274684277336,"evm.model.tig082700000206.83",1
"ko00627","ko00627","Aminobenzoate degradation","1/117","13/4543",0.287974958000288,0.977423510286693,0.97274684277336,"evm.model.tig082700000246.27",1
"ko04216","ko04216","Ferroptosis","1/117","13/4543",0.287974958000288,0.977423510286693,0.97274684277336,"evm.model.tig082700000106.20",1
"ko03410","ko03410","Base excision repair","2/117","42/4543",0.294719971507959,0.977423510286693,0.97274684277336,"evm.model.tig082700000160.160/evm.model.tig082700002117.551",2
"ko00380","ko00380","Tryptophan metabolism","2/117","44/4543",0.313907891045942,0.977423510286693,0.97274684277336,"evm.model.tig082700000246.27/evm.model.tig082700000377.13",2
"ko05414","ko05414","Dilated cardiomyopathy","2/117","44/4543",0.313907891045942,0.977423510286693,0.97274684277336,"evm.model.tig082700000174.35/evm.model.tig082700000195.110",2
"ko00240","ko00240","Pyrimidine metabolism","2/117","45/4543",0.323462754588868,0.977423510286693,0.97274684277336,"evm.model.tig082700000140.216/evm.model.tig082700002117.291",2
"ko04960","ko04960","Aldosterone-regulated sodium reabsorption","1/117","15/4543",0.324284040322877,0.977423510286693,0.97274684277336,"evm.model.tig082700000071.497",1
"ko00720","ko00720","Carbon fixation pathways in prokaryotes","1/117","16/4543",0.341744015429375,0.977423510286693,0.97274684277336,"evm.model.tig082700000162.187",1
"ko04340","ko04340","Hedgehog signaling pathway","2/117","47/4543",0.342469798597718,0.977423510286693,0.97274684277336,"evm.model.tig082700000195.110/evm.model.tig082700000155.34",2
"ko05152","ko05152","Tuberculosis","4/117","116/4543",0.349782264237741,0.977423510286693,0.97274684277336,"evm.model.tig082700031385.8/evm.model.tig082700000160.172/evm.model.tig082700000016.67/evm.model.tig082700000427.5",4
"ko04923","ko04923","Regulation of lipolysis in adipocytes","2/117","50/4543",0.370657990968033,0.977423510286693,0.97274684277336,"evm.model.tig082700000290.19/evm.model.tig082700000195.110",2
"ko04724","ko04724","Glutamatergic synapse","3/117","85/4543",0.375424249599212,0.977423510286693,0.97274684277336,"evm.model.tig082700000020.211/evm.model.tig082700000187.100/evm.model.tig082700000195.110",3
"ko04976","ko04976","Bile secretion","3/117","86/4543",0.38248890191788,0.977423510286693,0.97274684277336,"evm.model.tig082700000195.110/evm.model.tig082700000071.497/evm.model.tig082700002117.447",3
"ko03015","ko03015","mRNA surveillance pathway","2/117","52/4543",0.38918974064316,0.977423510286693,0.97274684277336,"evm.model.tig082700000122.247/evm.model.tig082700000127.61",2
"ko05412","ko05412","Arrhythmogenic right ventricular cardiomyopathy","1/117","19/4543",0.391484755415438,0.977423510286693,0.97274684277336,"evm.model.tig082700000174.35",1
"ko05416","ko05416","Viral myocarditis","1/117","19/4543",0.391484755415438,0.977423510286693,0.97274684277336,"evm.model.tig082700000427.5",1
"ko00051","ko00051","Fructose and mannose metabolism","2/117","53/4543",0.398367154136889,0.977423510286693,0.97274684277336,"evm.model.tig082700000096.129/evm.model.tig082700000140.208",2
"ko00030","ko00030","Pentose phosphate pathway","1/117","20/4543",0.407222218637453,0.977423510286693,0.97274684277336,"evm.model.tig082700000096.129",1
"ko00010","ko00010","Glycolysis / Gluconeogenesis","2/117","54/4543",0.407481479791585,0.977423510286693,0.97274684277336,"evm.model.tig082700000096.129/evm.model.tig082700000140.208",2
"ko04341","ko04341","Hedgehog signaling pathway - fly","2/117","54/4543",0.407481479791585,0.977423510286693,0.97274684277336,"evm.model.tig082700000195.110/evm.model.tig082700000155.34",2
"ko04071","ko04071","Sphingolipid signaling pathway","3/117","92/4543",0.424458833066635,0.977423510286693,0.97274684277336,"evm.model.tig082700000020.211/evm.model.tig082700000187.100/evm.model.tig082700000160.172",3
"ko04928","ko04928","Parathyroid hormone synthesis, secretion and action","3/117","92/4543",0.424458833066635,0.977423510286693,0.97274684277336,"evm.model.tig082700000020.211/evm.model.tig082700000187.100/evm.model.tig082700000195.110",3
"ko01040","ko01040","Biosynthesis of unsaturated fatty acids","1/117","22/4543",0.43749656773531,0.977423510286693,0.97274684277336,"evm.model.tig082700000279.44",1
"ko03060","ko03060","Protein export","1/117","22/4543",0.43749656773531,0.977423510286693,0.97274684277336,"evm.model.tig082700000175.38",1
"ko05203","ko05203","Viral carcinogenesis","3/117","95/4543",0.445096399965715,0.977423510286693,0.97274684277336,"evm.model.tig082700000195.110/evm.model.tig082700000174.25/evm.model.tig082700000292.69",3
"ko03022","ko03022","Basal transcription factors","1/117","23/4543",0.452053723580248,0.977423510286693,0.97274684277336,"evm.model.tig082700000162.3",1
"ko04013","ko04013","MAPK signaling pathway - fly","2/117","60/4543",0.460696019938722,0.977423510286693,0.97274684277336,"evm.model.tig082700000254.39/evm.model.tig082700000616.9",2
"ko05146","ko05146","Amoebiasis","4/117","135/4543",0.461181723158709,0.977423510286693,0.97274684277336,"evm.model.tig082700000111.311/evm.model.tig082700000016.103/evm.model.tig082700000195.110/evm.model.tig082700000153.173",4
"ko04723","ko04723","Retrograde endocannabinoid signaling","3/117","98/4543",0.465446098369287,0.977423510286693,0.97274684277336,"evm.model.tig082700000290.19/evm.model.tig082700000195.110/evm.model.tig082700000106.123",3
"ko00061","ko00061","Fatty acid biosynthesis","1/117","24/4543",0.466237288699963,0.977423510286693,0.97274684277336,"evm.model.tig082700000106.20",1
"ko03018","ko03018","RNA degradation","2/117","62/4543",0.47782101627176,0.977423510286693,0.97274684277336,"evm.model.tig082700031385.8/evm.model.tig082700000016.67",2
"ko00062","ko00062","Fatty acid elongation","1/117","25/4543",0.480056770271573,0.977423510286693,0.97274684277336,"evm.model.tig082700000246.27",1
"ko00340","ko00340","Histidine metabolism","1/117","25/4543",0.480056770271573,0.977423510286693,0.97274684277336,"evm.model.tig082700031375.47",1
"ko04530","ko04530","Tight junction","3/117","101/4543",0.48547128552197,0.977423510286693,0.97274684277336,"evm.model.tig082700000140.299/evm.model.tig082700000195.110/evm.model.tig082700000071.488",3
"ko05164","ko05164","Influenza A","2/117","63/4543",0.486260409703923,0.977423510286693,0.97274684277336,"evm.model.tig082700000357.48/evm.model.tig082700000427.5",2
"ko05418","ko05418","Fluid shear stress and atherosclerosis","5/117","178/4543",0.48735429754131,0.977423510286693,0.97274684277336,"evm.model.tig082700000167.128/evm.model.tig082700000167.150/evm.model.tig082700000160.67/evm.model.tig082700000106.167/evm.model.tig082700000075.349",5
"ko00650","ko00650","Butanoate metabolism","1/117","26/4543",0.493521435583265,0.977423510286693,0.97274684277336,"evm.model.tig082700000246.27",1
"ko04375","ko04375",NA,"1/117","26/4543",0.493521435583265,0.977423510286693,0.97274684277336,"evm.model.tig082700000195.110",1
"ko04140","ko04140","Autophagy - animal","8/117","297/4543",0.501375022082389,0.977423510286693,0.97274684277336,"evm.model.tig082700000195.110/evm.model.tig082700000167.128/evm.model.tig082700000153.20/evm.model.tig082700000167.150/evm.model.tig082700000160.67/evm.model.tig082700000160.172/evm.model.tig082700000075.349/evm.model.tig082700000106.46",8
"ko00511","ko00511","Other glycan degradation","1/117","27/4543",0.506640318035503,0.977423510286693,0.97274684277336,"evm.model.tig082700000071.537",1
"ko03020","ko03020","RNA polymerase","1/117","27/4543",0.506640318035503,0.977423510286693,0.97274684277336,"evm.model.tig082700000071.80",1
"ko04666","ko04666","Fc gamma R-mediated phagocytosis","2/117","66/4543",0.511069458133609,0.977423510286693,0.97274684277336,"evm.model.tig082700000020.211/evm.model.tig082700000187.100",2
"ko04972","ko04972","Pancreatic secretion","2/117","67/4543",0.519165506307626,0.977423510286693,0.97274684277336,"evm.model.tig082700000067.403/evm.model.tig082700000071.497",2
"ko00630","ko00630","Glyoxylate and dicarboxylate metabolism","1/117","28/4543",0.519422222993396,0.977423510286693,0.97274684277336,"evm.model.tig082700000377.13",1
"ko04320","ko04320","Dorso-ventral axis formation","1/117","28/4543",0.519422222993396,0.977423510286693,0.97274684277336,"evm.model.tig082700002118.82",1
"ko04974","ko04974","Protein digestion and absorption","1/117","29/4543",0.5318757334939,0.977423510286693,0.97274684277336,"evm.model.tig082700000071.497",1
"ko04016","ko04016","MAPK signaling pathway - plant","2/117","70/4543",0.542919421078599,0.977423510286693,0.97274684277336,"evm.model.tig082700000377.13/evm.model.tig082700002117.291",2
"ko04072","ko04072","Phospholipase D signaling pathway","2/117","70/4543",0.542919421078599,0.977423510286693,0.97274684277336,"evm.model.tig082700000020.211/evm.model.tig082700000187.100",2
"ko04136","ko04136","Autophagy - other","2/117","70/4543",0.542919421078599,0.977423510286693,0.97274684277336,"evm.model.tig082700000153.20/evm.model.tig082700000106.46",2
"ko04261","ko04261","Adrenergic signaling in cardiomyocytes","3/117","110/4543",0.543295385171482,0.977423510286693,0.97274684277336,"evm.model.tig082700000174.35/evm.model.tig082700000195.110/evm.model.tig082700000071.497",3
"ko03013","ko03013","Nucleocytoplasmic transport","2/117","71/4543",0.550656835588924,0.977423510286693,0.97274684277336,"evm.model.tig082700000616.9/evm.model.tig082700000127.61",2
"ko05030","ko05030","Cocaine addiction","1/117","32/4543",0.567348509612251,0.977423510286693,0.97274684277336,"evm.model.tig082700000195.110",1
"ko00680","ko00680","Methane metabolism","1/117","33/4543",0.578570018008475,0.977423510286693,0.97274684277336,"evm.model.tig082700000096.129",1
"ko04390","ko04390","Hippo signaling pathway","1/117","33/4543",0.578570018008475,0.977423510286693,0.97274684277336,"evm.model.tig082700000155.34",1
"ko04913","ko04913","Ovarian steroidogenesis","1/117","33/4543",0.578570018008475,0.977423510286693,0.97274684277336,"evm.model.tig082700000195.110",1
"ko03010","ko03010","Ribosome","3/117","116/4543",0.579730588610496,0.977423510286693,0.97274684277336,"evm.model.tig082700000290.11/evm.model.tig082700000444.1/evm.model.tig082700000169.50",3
"ko04113","ko04113","Meiosis - yeast","2/117","75/4543",0.580689442282917,0.977423510286693,0.97274684277336,"evm.model.tig082700000289.14/evm.model.tig082700000195.110",2
"ko05231","ko05231","Choline metabolism in cancer","2/117","75/4543",0.580689442282917,0.977423510286693,0.97274684277336,"evm.model.tig082700000020.211/evm.model.tig082700000187.100",2
"ko04918","ko04918","Thyroid hormone synthesis","2/117","76/4543",0.587966607955386,0.977423510286693,0.97274684277336,"evm.model.tig082700000195.110/evm.model.tig082700000071.497",2
"ko04613","ko04613","Neutrophil extracellular trap formation","2/117","77/4543",0.595150958676976,0.977423510286693,0.97274684277336,"evm.model.tig082700000357.48/evm.model.tig082700000151.129",2
"ko04115","ko04115","p53 signaling pathway","1/117","35/4543",0.600154523541069,0.977423510286693,0.97274684277336,"evm.model.tig082700000427.5",1
"ko04011","ko04011","MAPK signaling pathway - yeast","2/117","79/4543",0.609240936142961,0.977423510286693,0.97274684277336,"evm.model.tig082700000140.299/evm.model.tig082700000377.13",2
"ko04213","ko04213","Longevity regulating pathway - multiple species","2/117","79/4543",0.609240936142961,0.977423510286693,0.97274684277336,"evm.model.tig082700000195.110/evm.model.tig082700000377.13",2
"ko05131","ko05131","Shigellosis","5/117","205/4543",0.61471967903879,0.977423510286693,0.97274684277336,"evm.model.tig082700000254.39/evm.model.tig082700000155.34/evm.model.tig082700000310.5/evm.model.tig082700000427.5/evm.model.tig082700000151.129",5
"ko00730","ko00730","Thiamine metabolism","1/117","37/4543",0.620642496149349,0.977423510286693,0.97274684277336,"evm.model.tig082700000187.131",1
"ko04138","ko04138","Autophagy - yeast","4/117","166/4543",0.625647010063489,0.977423510286693,0.97274684277336,"evm.model.tig082700000195.110/evm.model.tig082700000153.20/evm.model.tig082700000016.654/evm.model.tig082700000106.46",4
"ko05145","ko05145","Toxoplasmosis","2/117","82/4543",0.62967969541214,0.977423510286693,0.97274684277336,"evm.model.tig082700000020.645/evm.model.tig082700000427.5",2
"ko02024","ko02024","Quorum sensing","1/117","38/4543",0.630492657700731,0.977423510286693,0.97274684277336,"evm.model.tig082700000106.20",1
"ko01524","ko01524","Platinum drug resistance","2/117","83/4543",0.636307525816832,0.977423510286693,0.97274684277336,"evm.model.tig082700000106.167/evm.model.tig082700000427.5",2
"ko04139","ko04139","Mitophagy - yeast","2/117","83/4543",0.636307525816832,0.977423510286693,0.97274684277336,"evm.model.tig082700000153.20/evm.model.tig082700000106.46",2
"ko04211","ko04211","Longevity regulating pathway","2/117","85/4543",0.649287032526365,0.977423510286693,0.97274684277336,"evm.model.tig082700000195.110/evm.model.tig082700000377.13",2
"ko04919","ko04919","Thyroid hormone signaling pathway","2/117","85/4543",0.649287032526365,0.977423510286693,0.97274684277336,"evm.model.tig082700000195.110/evm.model.tig082700000071.497",2
"ko04710","ko04710","Circadian rhythm","1/117","41/4543",0.658547081592519,0.977423510286693,0.97274684277336,"evm.model.tig082700000155.34",1
"ko04727","ko04727","GABAergic synapse","1/117","41/4543",0.658547081592519,0.977423510286693,0.97274684277336,"evm.model.tig082700000195.110",1
"ko04310","ko04310","Wnt signaling pathway","2/117","87/4543",0.661900606826267,0.977423510286693,0.97274684277336,"evm.model.tig082700000195.110/evm.model.tig082700000155.34",2
"ko04014","ko04014","Ras signaling pathway","3/117","131/4543",0.662554807156182,0.977423510286693,0.97274684277336,"evm.model.tig082700000020.211/evm.model.tig082700000187.100/evm.model.tig082700000195.110",3
"ko04970","ko04970","Salivary secretion","3/117","131/4543",0.662554807156182,0.977423510286693,0.97274684277336,"evm.model.tig082700000067.403/evm.model.tig082700000195.110/evm.model.tig082700000071.497",3
"ko03320","ko03320","PPAR signaling pathway","1/117","42/4543",0.667420913545801,0.977423510286693,0.97274684277336,"evm.model.tig082700000106.20",1
"ko05410","ko05410","Hypertrophic cardiomyopathy","1/117","42/4543",0.667420913545801,0.977423510286693,0.97274684277336,"evm.model.tig082700000174.35",1
"ko00564","ko00564","Glycerophospholipid metabolism","2/117","89/4543",0.674151565999404,0.977423510286693,0.97274684277336,"evm.model.tig082700000020.211/evm.model.tig082700000187.100",2
"ko05204","ko05204","Chemical carcinogenesis - DNA adducts","1/117","43/4543",0.676066048652475,0.977423510286693,0.97274684277336,"evm.model.tig082700000106.167",1
"ko05210","ko05210","Colorectal cancer","1/117","43/4543",0.676066048652475,0.977423510286693,0.97274684277336,"evm.model.tig082700000427.5",1
"ko05032","ko05032","Morphine addiction","1/117","44/4543",0.684488331387511,0.977423510286693,0.97274684277336,"evm.model.tig082700000195.110",1
"ko04914","ko04914","Progesterone-mediated oocyte maturation","2/117","91/4543",0.686043834161586,0.977423510286693,0.97274684277336,"evm.model.tig082700000289.14/evm.model.tig082700000195.110",2
"ko04540","ko04540","Gap junction","2/117","92/4543",0.691856834185918,0.977423510286693,0.97274684277336,"evm.model.tig082700000195.110/evm.model.tig082700000071.488",2
"ko00980","ko00980","Metabolism of xenobiotics by cytochrome P450","1/117","45/4543",0.692693458132934,0.977423510286693,0.97274684277336,"evm.model.tig082700000106.167",1
"ko05132","ko05132","Salmonella infection","4/117","181/4543",0.693028608008654,0.977423510286693,0.97274684277336,"evm.model.tig082700000254.39/evm.model.tig082700000155.9/evm.model.tig082700000427.5/evm.model.tig082700000071.488",4
"ko00310","ko00310","Lysine degradation","1/117","46/4543",0.700686980898263,0.977423510286693,0.97274684277336,"evm.model.tig082700000246.27",1
"ko04912","ko04912","GnRH signaling pathway","3/117","140/4543",0.706336596933522,0.977423510286693,0.97274684277336,"evm.model.tig082700000020.211/evm.model.tig082700000187.100/evm.model.tig082700000195.110",3
"ko00982","ko00982","Drug metabolism - cytochrome P450","1/117","47/4543",0.708474310948275,0.977423510286693,0.97274684277336,"evm.model.tig082700000106.167",1
"ko04214","ko04214","Apoptosis - fly","1/117","47/4543",0.708474310948275,0.977423510286693,0.97274684277336,"evm.model.tig082700000427.5",1
"ko05222","ko05222","Small cell lung cancer","1/117","48/4543",0.716060722340412,0.977423510286693,0.97274684277336,"evm.model.tig082700000427.5",1
"ko00561","ko00561","Glycerolipid metabolism","1/117","49/4543",0.723451355374043,0.977423510286693,0.97274684277336,"evm.model.tig082700000290.19",1
"ko02010","ko02010","ABC transporters","2/117","98/4543",0.724910614158813,0.977423510286693,0.97274684277336,"evm.model.tig082700002117.446/evm.model.tig082700002117.447",2
"ko04024","ko04024","cAMP signaling pathway","4/117","189/4543",0.725310526265093,0.977423510286693,0.97274684277336,"evm.model.tig082700000020.211/evm.model.tig082700000187.100/evm.model.tig082700000195.110/evm.model.tig082700000071.497",4
"ko04626","ko04626","Plant-pathogen interaction","2/117","99/4543",0.730121989633949,0.977423510286693,0.97274684277336,"evm.model.tig082700000020.645/evm.model.tig082700000122.341",2
"ko05207","ko05207","Chemical carcinogenesis - receptor activation","2/117","99/4543",0.730121989633949,0.977423510286693,0.97274684277336,"evm.model.tig082700000195.110/evm.model.tig082700000106.167",2
"ko00270","ko00270","Cysteine and methionine metabolism","1/117","50/4543",0.730651219953758,0.977423510286693,0.97274684277336,"evm.model.tig082700000381.16",1
"ko05226","ko05226","Gastric cancer","1/117","50/4543",0.730651219953758,0.977423510286693,0.97274684277336,"evm.model.tig082700002117.447",1
"ko00280","ko00280","Valine, leucine and isoleucine degradation","1/117","53/4543",0.751154414391939,0.977423510286693,0.97274684277336,"evm.model.tig082700000246.27",1
"ko01522","ko01522","Endocrine resistance","1/117","55/4543",0.76395564148554,0.977423510286693,0.97274684277336,"evm.model.tig082700000195.110",1
"ko04022","ko04022","cGMP-PKG signaling pathway","3/117","154/4543",0.765707737299468,0.977423510286693,0.97274684277336,"evm.model.tig082700000067.403/evm.model.tig082700000357.48/evm.model.tig082700000071.497",3
"ko04137","ko04137","Mitophagy - animal","1/117","57/4543",0.776103682376862,0.977423510286693,0.97274684277336,"evm.model.tig082700000383.39",1
"ko03420","ko03420","Nucleotide excision repair","1/117","58/4543",0.781943153879739,0.977423510286693,0.97274684277336,"evm.model.tig082700000162.3",1
"ko05200","ko05200","Pathways in cancer","5/117","254/4543",0.792544351666871,0.977423510286693,0.97274684277336,"evm.model.tig082700000020.211/evm.model.tig082700000187.100/evm.model.tig082700000195.110/evm.model.tig082700000106.167/evm.model.tig082700000427.5",5
"ko05160","ko05160","Hepatitis C","1/117","60/4543",0.793172874248915,0.977423510286693,0.97274684277336,"evm.model.tig082700000427.5",1
"ko05161","ko05161","Hepatitis B","1/117","60/4543",0.793172874248915,0.977423510286693,0.97274684277336,"evm.model.tig082700000427.5",1
"ko04926","ko04926","Relaxin signaling pathway","1/117","61/4543",0.798570771575009,0.977423510286693,0.97274684277336,"evm.model.tig082700000195.110",1
"ko05162","ko05162","Measles","1/117","61/4543",0.798570771575009,0.977423510286693,0.97274684277336,"evm.model.tig082700000427.5",1
"ko04217","ko04217","Necroptosis","1/117","64/4543",0.813940486090465,0.977423510286693,0.97274684277336,"evm.model.tig082700000357.48",1
"ko04927","ko04927","Cortisol synthesis and secretion","1/117","64/4543",0.813940486090465,0.977423510286693,0.97274684277336,"evm.model.tig082700000195.110",1
"ko04010","ko04010","MAPK signaling pathway","2/117","118/4543",0.814300797979973,0.977423510286693,0.97274684277336,"evm.model.tig082700000174.35/evm.model.tig082700000195.110",2
"ko00562","ko00562","Inositol phosphate metabolism","1/117","66/4543",0.823535041539408,0.977423510286693,0.97274684277336,"evm.model.tig082700000140.208",1
"ko04934","ko04934","Cushing syndrome","2/117","121/4543",0.825234502904038,0.977423510286693,0.97274684277336,"evm.model.tig082700000195.110/evm.model.tig082700000305.22",2
"ko04962","ko04962","Vasopressin-regulated water reabsorption","1/117","67/4543",0.828146701164132,0.977423510286693,0.97274684277336,"evm.model.tig082700000195.110",1
"ko05171","ko05171","Coronavirus disease - COVID-19","2/117","123/4543",0.832201982842496,0.977423510286693,0.97274684277336,"evm.model.tig082700000290.11/evm.model.tig082700000169.50",2
"ko04152","ko04152","AMPK signaling pathway","2/117","124/4543",0.835591891905824,0.977423510286693,0.97274684277336,"evm.model.tig082700000096.129/evm.model.tig082700000258.86",2
"ko04621","ko04621","NOD-like receptor signaling pathway","2/117","124/4543",0.835591891905824,0.977423510286693,0.97274684277336,"evm.model.tig082700000125.216/evm.model.tig082700000178.158",2
"ko04971","ko04971","Gastric acid secretion","2/117","124/4543",0.835591891905824,0.977423510286693,0.97274684277336,"evm.model.tig082700000195.110/evm.model.tig082700000071.497",2
"ko03008","ko03008","Ribosome biogenesis in eukaryotes","1/117","71/4543",0.845428506343312,0.977423510286693,0.97274684277336,"evm.model.tig082700000016.639",1
"ko05110","ko05110","Vibrio cholerae infection","1/117","73/4543",0.853411627560617,0.977423510286693,0.97274684277336,"evm.model.tig082700000195.110",1
"ko04924","ko04924","Renin secretion","2/117","130/4543",0.8546730613749,0.977423510286693,0.97274684277336,"evm.model.tig082700000067.403/evm.model.tig082700000195.110",2
"ko05130","ko05130","Pathogenic Escherichia coli infection","2/117","130/4543",0.8546730613749,0.977423510286693,0.97274684277336,"evm.model.tig082700000427.5/evm.model.tig082700000071.488",2
"ko04920","ko04920","Adipocytokine signaling pathway","1/117","74/4543",0.857248504423125,0.977423510286693,0.97274684277336,"evm.model.tig082700000106.20",1
"ko01240","ko01240","Biosynthesis of cofactors","3/117","183/4543",0.857965458013977,0.977423510286693,0.97274684277336,"evm.model.tig082700000206.83/evm.model.tig082700000187.131/evm.model.tig082700002117.291",3
"ko05206","ko05206","MicroRNAs in cancer","1/117","76/4543",0.864626044794524,0.977423510286693,0.97274684277336,"evm.model.tig082700002117.447",1
"ko04062","ko04062","Chemokine signaling pathway","1/117","79/4543",0.874989301033742,0.977423510286693,0.97274684277336,"evm.model.tig082700000195.110",1
"ko05034","ko05034","Alcoholism","2/117","139/4543",0.879558634548117,0.977423510286693,0.97274684277336,"evm.model.tig082700000195.110/evm.model.tig082700000151.129",2
"ko05165","ko05165","Human papillomavirus infection","2/117","140/4543",0.882069098861372,0.977423510286693,0.97274684277336,"evm.model.tig082700000195.110/evm.model.tig082700000174.25",2
"ko05225","ko05225","Hepatocellular carcinoma","1/117","86/4543",0.896211240762082,0.977423510286693,0.97274684277336,"evm.model.tig082700000106.167",1
"ko04915","ko04915","Estrogen signaling pathway","2/117","149/4543",0.902595957885756,0.977423510286693,0.97274684277336,"evm.model.tig082700000195.110/evm.model.tig082700000160.172",2
"ko04114","ko04114","Oocyte meiosis","3/117","204/4543",0.903437120477502,0.977423510286693,0.97274684277336,"evm.model.tig082700000289.14/evm.model.tig082700000195.110/evm.model.tig082700000155.34",3
"ko04726","ko04726","Serotonergic synapse","1/117","89/4543",0.904173919958336,0.977423510286693,0.97274684277336,"evm.model.tig082700000195.110",1
"ko04810","ko04810","Regulation of actin cytoskeleton","1/117","89/4543",0.904173919958336,0.977423510286693,0.97274684277336,"evm.model.tig082700000254.39",1
"ko04725","ko04725","Cholinergic synapse","1/117","90/4543",0.906691129514886,0.977423510286693,0.97274684277336,"evm.model.tig082700000195.110",1
"ko01230","ko01230","Biosynthesis of amino acids","1/117","91/4543",0.909142766129923,0.977423510286693,0.97274684277336,"evm.model.tig082700000140.208",1
"ko04150","ko04150","mTOR signaling pathway","2/117","154/4543",0.912521057656964,0.977423510286693,0.97274684277336,"evm.model.tig082700000153.20/evm.model.tig082700000106.46",2
"ko04015","ko04015","Rap1 signaling pathway","1/117","93/4543",0.913856052434421,0.977423510286693,0.97274684277336,"evm.model.tig082700000254.39",1
"ko04740","ko04740","Olfactory transduction","1/117","94/4543",0.916120960718729,0.977423510286693,0.97274684277336,"evm.model.tig082700000195.110",1
"ko04925","ko04925","Aldosterone synthesis and secretion","2/117","156/4543",0.916221583853796,0.977423510286693,0.97274684277336,"evm.model.tig082700000195.110/evm.model.tig082700000071.497",2
"ko05031","ko05031","Amphetamine addiction","1/117","96/4543",0.920475143348287,0.977423510286693,0.97274684277336,"evm.model.tig082700000195.110",1
"ko04361","ko04361","Axon regeneration","1/117","97/4543",0.922567432133592,0.977423510286693,0.97274684277336,"evm.model.tig082700000195.110",1
"ko04935","ko04935","Growth hormone synthesis, secretion and action","1/117","97/4543",0.922567432133592,0.977423510286693,0.97274684277336,"evm.model.tig082700000195.110",1
"ko04270","ko04270","Vascular smooth muscle contraction","2/117","160/4543",0.923189638031793,0.977423510286693,0.97274684277336,"evm.model.tig082700000067.403/evm.model.tig082700000195.110",2
"ko04110","ko04110","Cell cycle","1/117","99/4543",0.926589653141583,0.977423510286693,0.97274684277336,"evm.model.tig082700000289.14",1
"ko05167","ko05167","Kaposi sarcoma-associated herpesvirus infection","2/117","164/4543",0.929613819237392,0.977423510286693,0.97274684277336,"evm.model.tig082700031372.155/evm.model.tig082700000427.5",2
"ko04921","ko04921","Oxytocin signaling pathway","3/117","228/4543",0.93912851005112,0.977423510286693,0.97274684277336,"evm.model.tig082700000174.35/evm.model.tig082700000195.110/evm.model.tig082700000258.86",3
"ko04922","ko04922","Glucagon signaling pathway","2/117","171/4543",0.93966122137405,0.977423510286693,0.97274684277336,"evm.model.tig082700000096.129/evm.model.tig082700000195.110",2
"ko05417","ko05417","Lipid and atherosclerosis","2/117","171/4543",0.93966122137405,0.977423510286693,0.97274684277336,"evm.model.tig082700000016.67/evm.model.tig082700000427.5",2
"ko05163","ko05163","Human cytomegalovirus infection","2/117","172/4543",0.94098133655344,0.977423510286693,0.97274684277336,"evm.model.tig082700000195.110/evm.model.tig082700000427.5",2
"ko04111","ko04111","Cell cycle - yeast","1/117","109/4543",0.943796075407137,0.977423510286693,0.97274684277336,"evm.model.tig082700000289.14",1
"ko04611","ko04611","Platelet activation","1/117","110/4543",0.945279128897747,0.977423510286693,0.97274684277336,"evm.model.tig082700000195.110",1
"ko04916","ko04916","Melanogenesis","1/117","110/4543",0.945279128897747,0.977423510286693,0.97274684277336,"evm.model.tig082700000195.110",1
"ko04068","ko04068","FoxO signaling pathway","1/117","116/4543",0.95339684055325,0.977423510286693,0.97274684277336,"evm.model.tig082700000377.13",1
"ko04218","ko04218","Cellular senescence","2/117","185/4543",0.955844239274767,0.977423510286693,0.97274684277336,"evm.model.tig082700000357.48/evm.model.tig082700000155.34",2
"ko04020","ko04020","Calcium signaling pathway","2/117","187/4543",0.957788931688716,0.977423510286693,0.97274684277336,"evm.model.tig082700000195.110/evm.model.tig082700000357.48",2
"ko04750","ko04750","Inflammatory mediator regulation of TRP channels","1/117","120/4543",0.958133142303231,0.977423510286693,0.97274684277336,"evm.model.tig082700000195.110",1
"ko05170","ko05170","Human immunodeficiency virus 1 infection","2/117","189/4543",0.959652173736026,0.977423510286693,0.97274684277336,"evm.model.tig082700000155.34/evm.model.tig082700000427.5",2
"ko04713","ko04713","Circadian entrainment","1/117","134/4543",0.971250765471636,0.978300231216931,0.973619368866611,"evm.model.tig082700000195.110",1
"ko04720","ko04720","Long-term potentiation","1/117","136/4543",0.972756504528031,0.978300231216931,0.973619368866611,"evm.model.tig082700000195.110",1
"ko04910","ko04910","Insulin signaling pathway","2/117","208/4543",0.973853411984127,0.978300231216931,0.973619368866611,"evm.model.tig082700000096.129/evm.model.tig082700000195.110",2
"ko04728","ko04728","Dopaminergic synapse","1/117","158/4543",0.984949419591477,0.984949419591477,0.980236742942714,"evm.model.tig082700000195.110",1
