"","ID","Description","GeneRatio","BgRatio","pvalue","p.adjust","qvalue","geneID","Count"
"ko03010","ko03010","Ribosome","39/188","116/4543",1.73349684535955e-26,3.77902312288382e-24,3.72245638371945e-24,"evm.model.tig082700000296.33/evm.model.tig082700000127.160/evm.model.tig082700000127.77/evm.model.tig082700000221.39/evm.model.tig082700000153.307/evm.model.tig082700000120.214/evm.model.tig082700000155.26/evm.model.tig082700000071.192/evm.model.tig082700000125.264/evm.model.tig082700000174.196/evm.model.tig082700000071.474/evm.model.tig082700000377.53/evm.model.tig082700000020.606/evm.model.tig082700000139.164/evm.model.tig082700000075.17/evm.model.tig082700000174.33/evm.model.tig082700000106.49/evm.model.tig082700000156.36/evm.model.tig082700000208.12/evm.model.tig082700000310.24/evm.model.tig082700000353.28/evm.model.tig082700000419.15/evm.model.tig082700000283.64/evm.model.tig082700000106.66/evm.model.tig082700000208.41/evm.model.tig082700000287.11/evm.model.tig082700000113.167/evm.model.tig082700000426.5/evm.model.tig082700000253.17/evm.model.tig082700000426.10/evm.model.tig082700031372.31/evm.model.tig082700000353.24/evm.model.tig082700000106.385/evm.model.tig082700000215.85/evm.model.tig082700000156.39/evm.model.tig082700000215.41/evm.model.tig082700000127.78/evm.model.tig082700000128.206/evm.model.tig082700000444.1",39
"ko05171","ko05171","Coronavirus disease - COVID-19","37/188","123/4543",3.54012672611241e-23,3.85873813146253e-21,3.80097816908912e-21,"evm.model.tig082700000296.33/evm.model.tig082700000127.160/evm.model.tig082700000127.77/evm.model.tig082700000153.307/evm.model.tig082700000120.214/evm.model.tig082700000155.26/evm.model.tig082700000071.192/evm.model.tig082700000125.264/evm.model.tig082700000174.196/evm.model.tig082700000071.474/evm.model.tig082700000377.53/evm.model.tig082700000020.606/evm.model.tig082700000139.164/evm.model.tig082700000075.17/evm.model.tig082700000174.33/evm.model.tig082700000106.49/evm.model.tig082700000156.36/evm.model.tig082700000208.12/evm.model.tig082700000310.24/evm.model.tig082700000353.28/evm.model.tig082700000419.15/evm.model.tig082700000283.64/evm.model.tig082700000106.66/evm.model.tig082700000208.41/evm.model.tig082700000113.167/evm.model.tig082700000426.5/evm.model.tig082700000253.17/evm.model.tig082700000426.10/evm.model.tig082700031372.31/evm.model.tig082700000353.24/evm.model.tig082700000106.385/evm.model.tig082700000215.85/evm.model.tig082700000174.231/evm.model.tig082700000156.39/evm.model.tig082700000215.41/evm.model.tig082700000127.78/evm.model.tig082700000128.206",37
"ko00190","ko00190","Oxidative phosphorylation","12/188","58/4543",2.97729199835975e-06,0.000216349885214142,0.000213111427251013,"evm.model.tig082700000427.5/evm.model.tig082700000287.13/evm.model.tig082700000238.50/evm.model.tig082700000156.65/evm.model.tig082700000151.102/evm.model.tig082700000122.333/evm.model.tig082700000140.131/evm.model.tig082700000106.123/evm.model.tig082700000178.20/evm.model.tig082700000020.213/evm.model.tig082700000331.12/evm.model.tig082700000106.247",12
"ko05322","ko05322","Systemic lupus erythematosus","6/188","22/4543",0.000198649371304408,0.0108263907360902,0.0106643346700261,"evm.model.tig082700000128.51/evm.model.tig082700000151.129/evm.model.tig082700000132.201/evm.model.tig082700000151.130/evm.model.tig082700000020.624/evm.model.tig082700000075.324",6
"ko00071","ko00071","Fatty acid degradation","5/188","32/4543",0.00932298282531835,0.40154410997708,0.39553355111214,"evm.model.tig082700000287.69/evm.model.tig082700000246.27/evm.model.tig082700000383.33/evm.model.tig082700000175.168/evm.model.tig082700000251.72",5
"ko04612","ko04612","Antigen processing and presentation","8/188","75/4543",0.0116246575580191,0.40154410997708,0.39553355111214,"evm.model.tig082700000160.67/evm.model.tig082700000210.74/evm.model.tig082700000132.21/evm.model.tig082700000111.394/evm.model.tig082700000113.294/evm.model.tig082700000301.10/evm.model.tig082700000167.150/evm.model.tig082700000167.128",8
"ko05014","ko05014","Amyotrophic lateral sclerosis","22/188","323/4543",0.01312946239672,0.40154410997708,0.39553355111214,"evm.model.tig082700000283.9/evm.model.tig082700000071.488/evm.model.tig082700000427.5/evm.model.tig082700000287.13/evm.model.tig082700000113.70/evm.model.tig082700000151.102/evm.model.tig082700000387.8/evm.model.tig082700000140.131/evm.model.tig082700000132.75/evm.model.tig082700000322.59/evm.model.tig082700002115.34/evm.model.tig082700000208.26/evm.model.tig082700000106.123/evm.model.tig082700000178.20/evm.model.tig082700000225.1/evm.model.tig082700031372.128/evm.model.tig082700000149.260/evm.model.tig082700000127.248/evm.model.tig082700000219.37/evm.model.tig082700000106.405/evm.model.tig082700000322.41/evm.model.tig082700000106.247",22
"ko01212","ko01212","Fatty acid metabolism","6/188","49/4543",0.0147355636688837,0.40154410997708,0.39553355111214,"evm.model.tig082700000279.44/evm.model.tig082700000246.27/evm.model.tig082700000383.33/evm.model.tig082700000175.168/evm.model.tig082700000151.98/evm.model.tig082700000251.72",6
"ko04624","ko04624","Toll and Imd signaling pathway","4/188","25/4543",0.0181651723560864,0.440000841514094,0.433414638671536,"evm.model.tig082700000162.22/evm.model.tig082700000393.9/evm.model.tig082700000444.14/evm.model.tig082700000155.34",4
"ko00720","ko00720","Carbon fixation pathways in prokaryotes","3/188","16/4543",0.0262326967978317,0.571872790192731,0.563312647027123,"evm.model.tig082700000187.56/evm.model.tig082700000127.112/evm.model.tig082700000175.168",3
"ko05323","ko05323","Rheumatoid arthritis","6/188","59/4543",0.0338571734475445,0.670987619233154,0.660943864430533,"evm.model.tig082700000160.67/evm.model.tig082700000132.21/evm.model.tig082700000122.333/evm.model.tig082700000167.150/evm.model.tig082700000331.12/evm.model.tig082700000167.128",6
"ko05020","ko05020","Prion disease","14/188","205/4543",0.0431689013538645,0.707182406153861,0.696596865549917,"evm.model.tig082700000071.488/evm.model.tig082700000427.5/evm.model.tig082700000287.13/evm.model.tig082700000113.294/evm.model.tig082700000151.102/evm.model.tig082700000259.38/evm.model.tig082700000140.131/evm.model.tig082700000132.75/evm.model.tig082700000208.26/evm.model.tig082700000106.123/evm.model.tig082700000178.20/evm.model.tig082700000106.405/evm.model.tig082700000322.41/evm.model.tig082700000106.247",14
"ko00020","ko00020","Citrate cycle TCA cycle","4/188","33/4543",0.0455405210400684,0.707182406153861,0.696596865549917,"evm.model.tig082700000136.294/evm.model.tig082700000187.56/evm.model.tig082700000127.112/evm.model.tig082700000106.247",4
"ko05012","ko05012","Parkinson disease","17/188","268/4543",0.0499245149664118,0.707182406153861,0.696596865549917,"evm.model.tig082700000071.488/evm.model.tig082700000427.5/evm.model.tig082700000287.13/evm.model.tig082700000151.102/evm.model.tig082700000195.82/evm.model.tig082700000140.131/evm.model.tig082700000122.178/evm.model.tig082700000132.75/evm.model.tig082700000195.84/evm.model.tig082700000208.26/evm.model.tig082700000106.123/evm.model.tig082700000178.20/evm.model.tig082700000128.206/evm.model.tig082700000106.405/evm.model.tig082700000322.41/evm.model.tig082700000187.99/evm.model.tig082700000106.247",17
"ko05415","ko05415","Diabetic cardiomyopathy","8/188","99/4543",0.0512246780940083,0.707182406153861,0.696596865549917,"evm.model.tig082700000287.13/evm.model.tig082700000151.102/evm.model.tig082700000160.172/evm.model.tig082700000140.131/evm.model.tig082700000223.64/evm.model.tig082700000106.123/evm.model.tig082700000178.20/evm.model.tig082700000106.247",8
"ko05134","ko05134","Legionellosis","6/188","66/4543",0.0539839868681183,0.707182406153861,0.696596865549917,"evm.model.tig082700000075.117/evm.model.tig082700000427.5/evm.model.tig082700000113.294/evm.model.tig082700000153.24/evm.model.tig082700000016.67/evm.model.tig082700031372.128",6
"ko04932","ko04932","Non-alcoholic fatty liver disease","6/188","68/4543",0.0608300654528239,0.707182406153861,0.696596865549917,"evm.model.tig082700000427.5/evm.model.tig082700000287.13/evm.model.tig082700000140.131/evm.model.tig082700000106.123/evm.model.tig082700000178.20/evm.model.tig082700000106.247",6
"ko03015","ko03015","mRNA surveillance pathway","5/188","52/4543",0.0622300060419339,0.707182406153861,0.696596865549917,"evm.model.tig082700000187.92/evm.model.tig082700000016.906/evm.model.tig082700000206.113/evm.model.tig082700000122.8/evm.model.tig082700000196.36",5
"ko01200","ko01200","Carbon metabolism","9/188","122/4543",0.0644834077536019,0.707182406153861,0.696596865549917,"evm.model.tig082700000136.101/evm.model.tig082700000140.218/evm.model.tig082700000136.294/evm.model.tig082700000187.56/evm.model.tig082700000127.112/evm.model.tig082700000246.27/evm.model.tig082700000223.64/evm.model.tig082700000175.168/evm.model.tig082700000106.247",9
"ko04145","ko04145","Phagosome","8/188","104/4543",0.0648791198306295,0.707182406153861,0.696596865549917,"evm.model.tig082700000071.488/evm.model.tig082700000160.67/evm.model.tig082700000132.21/evm.model.tig082700000122.333/evm.model.tig082700000167.150/evm.model.tig082700000127.170/evm.model.tig082700000331.12/evm.model.tig082700000167.128",8
"ko02020","ko02020","Two-component system","6/188","71/4543",0.0720258678806787,0.739222492640146,0.728157356342781,"evm.model.tig082700000071.420/evm.model.tig082700000427.5/evm.model.tig082700000287.13/evm.model.tig082700000140.131/evm.model.tig082700000175.168/evm.model.tig082700000075.163",6
"ko00061","ko00061","Fatty acid biosynthesis","3/188","24/4543",0.074600435037079,0.739222492640146,0.728157356342781,"evm.model.tig082700000383.33/evm.model.tig082700000151.98/evm.model.tig082700000251.72",3
"ko03050","ko03050","Proteasome","4/188","40/4543",0.0815994369077777,0.765286179075528,0.753830905511385,"evm.model.tig082700000132.75/evm.model.tig082700000208.26/evm.model.tig082700000106.405/evm.model.tig082700000322.41",4
"ko00650","ko00650","Butanoate metabolism","3/188","26/4543",0.090318542470522,0.765286179075528,0.753830905511385,"evm.model.tig082700000075.314/evm.model.tig082700000246.27/evm.model.tig082700000175.168",3
"ko03320","ko03320","PPAR signaling pathway","4/188","42/4543",0.0938880884637703,0.765286179075528,0.753830905511385,"evm.model.tig082700000195.82/evm.model.tig082700000195.84/evm.model.tig082700000383.33/evm.model.tig082700000251.72",4
"ko04216","ko04216","Ferroptosis","2/188","13/4543",0.0985201589610828,0.765286179075528,0.753830905511385,"evm.model.tig082700000383.33/evm.model.tig082700000251.72",2
"ko00640","ko00640","Propanoate metabolism","3/188","27/4543",0.0986535159725201,0.765286179075528,0.753830905511385,"evm.model.tig082700000136.294/evm.model.tig082700000067.295/evm.model.tig082700000246.27",3
"ko00710","ko00710","Carbon fixation in photosynthetic organisms","3/188","27/4543",0.0986535159725201,0.765286179075528,0.753830905511385,"evm.model.tig082700000136.101/evm.model.tig082700000140.218/evm.model.tig082700000223.64",3
"ko03040","ko03040","Spliceosome","9/188","134/4543",0.101804124739405,0.765286179075528,0.753830905511385,"evm.model.tig082700000113.294/evm.model.tig082700002117.359/evm.model.tig082700000310.32/evm.model.tig082700002115.34/evm.model.tig082700000180.178/evm.model.tig082700000305.12/evm.model.tig082700000310.5/evm.model.tig082700000122.8/evm.model.tig082700000178.191",9
"ko03018","ko03018","RNA degradation","5/188","62/4543",0.112116937471766,0.814716412294829,0.802521236640006,"evm.model.tig082700000279.64/evm.model.tig082700000187.92/evm.model.tig082700000016.906/evm.model.tig082700031385.8/evm.model.tig082700000016.67",5
"ko01120","ko01120","Microbial metabolism in diverse environments","12/188","198/4543",0.116908208239501,0.822128690200359,0.809822563017254,"evm.model.tig082700000136.101/evm.model.tig082700000140.218/evm.model.tig082700000136.294/evm.model.tig082700000187.56/evm.model.tig082700000287.69/evm.model.tig082700000127.112/evm.model.tig082700000178.137/evm.model.tig082700000246.27/evm.model.tig082700000223.64/evm.model.tig082700000160.19/evm.model.tig082700000175.168/evm.model.tig082700000106.247",12
"ko04146","ko04146","Peroxisome","5/188","65/4543",0.129987858270971,0.88554228447099,0.872286943660464,"evm.model.tig082700000187.56/evm.model.tig082700000279.44/evm.model.tig082700000353.42/evm.model.tig082700000383.33/evm.model.tig082700000251.72",5
"ko04120","ko04120","Ubiquitin mediated proteolysis","10/188","164/4543",0.140114951512512,0.925607861506896,0.911752794531177,"evm.model.tig082700000195.82/evm.model.tig082700002117.359/evm.model.tig082700000122.178/evm.model.tig082700000444.14/evm.model.tig082700000195.84/evm.model.tig082700000155.34/evm.model.tig082700000279.59/evm.model.tig082700000128.206/evm.model.tig082700031369.62/evm.model.tig082700000075.63",10
"ko04714","ko04714","Thermogenesis","9/188","146/4543",0.149294982417802,0.93570660618834,0.92170037499962,"evm.model.tig082700000127.77/evm.model.tig082700000287.13/evm.model.tig082700000151.102/evm.model.tig082700000140.131/evm.model.tig082700000383.33/evm.model.tig082700000106.123/evm.model.tig082700000178.20/evm.model.tig082700000251.72/evm.model.tig082700000106.247",9
"ko04390","ko04390","Hippo signaling pathway","3/188","33/4543",0.154393184043509,0.93570660618834,0.92170037499962,"evm.model.tig082700000206.113/evm.model.tig082700000155.34/evm.model.tig082700002117.248",3
"ko01210","ko01210","2-Oxocarboxylic acid metabolism","2/188","17/4543",0.15452035698523,0.93570660618834,0.92170037499962,"evm.model.tig082700000187.56/evm.model.tig082700000127.112",2
"ko05016","ko05016","Huntington disease","16/188","296/4543",0.162351942656395,0.956560094570108,0.94224171555916,"evm.model.tig082700000283.9/evm.model.tig082700000071.488/evm.model.tig082700000427.5/evm.model.tig082700000287.13/evm.model.tig082700000151.102/evm.model.tig082700000140.131/evm.model.tig082700000132.75/evm.model.tig082700000208.26/evm.model.tig082700000106.123/evm.model.tig082700000178.20/evm.model.tig082700000225.1/evm.model.tig082700000149.260/evm.model.tig082700000127.248/evm.model.tig082700000106.405/evm.model.tig082700000322.41/evm.model.tig082700000106.247",16
"ko01230","ko01230","Biosynthesis of amino acids","6/188","91/4543",0.173643656585001,0.976347674527972,0.961733102866761,"evm.model.tig082700000136.101/evm.model.tig082700000140.218/evm.model.tig082700000187.56/evm.model.tig082700000127.112/evm.model.tig082700000223.64/evm.model.tig082700000120.45",6
"ko00280","ko00280","Valine, leucine and isoleucine degradation","4/188","53/4543",0.174923859522397,0.976347674527972,0.961733102866761,"evm.model.tig082700000075.314/evm.model.tig082700000287.69/evm.model.tig082700000246.27/evm.model.tig082700000175.168",4
"ko04659","ko04659","Th17 cell differentiation","2/188","19/4543",0.184380615563615,0.976347674527972,0.961733102866761,"evm.model.tig082700000210.74/evm.model.tig082700000111.394",2
"ko04210","ko04210","Apoptosis","10/188","177/4543",0.196111238102279,0.976347674527972,0.961733102866761,"evm.model.tig082700000071.488/evm.model.tig082700000427.5/evm.model.tig082700000160.67/evm.model.tig082700000132.21/evm.model.tig082700000160.172/evm.model.tig082700002117.551/evm.model.tig082700000167.150/evm.model.tig082700000160.160/evm.model.tig082700000127.168/evm.model.tig082700000167.128",10
"ko05203","ko05203","Viral carcinogenesis","6/188","95/4543",0.198874110901311,0.976347674527972,0.961733102866761,"evm.model.tig082700000128.51/evm.model.tig082700000151.130/evm.model.tig082700000292.69/evm.model.tig082700000075.324/evm.model.tig082700002117.248/evm.model.tig082700000151.192",6
"ko04260","ko04260","Cardiac muscle contraction","2/188","20/4543",0.199606987139139,0.976347674527972,0.961733102866761,"evm.model.tig082700000287.13/evm.model.tig082700000140.131",2
"ko04966","ko04966","Collecting duct acid secretion","2/188","20/4543",0.199606987139139,0.976347674527972,0.961733102866761,"evm.model.tig082700000122.333/evm.model.tig082700000331.12",2
"ko04137","ko04137","Mitophagy - animal","4/188","57/4543",0.208934620206166,0.976347674527972,0.961733102866761,"evm.model.tig082700000383.39/evm.model.tig082700000195.82/evm.model.tig082700000195.84/evm.model.tig082700000128.206",4
"ko05208","ko05208","Chemical carcinogenesis - reactive oxygen species","7/188","117/4543",0.209295189316212,0.976347674527972,0.961733102866761,"evm.model.tig082700000287.13/evm.model.tig082700000151.102/evm.model.tig082700000106.167/evm.model.tig082700000140.131/evm.model.tig082700000106.123/evm.model.tig082700000178.20/evm.model.tig082700000106.247",7
"ko04613","ko04613","Neutrophil extracellular trap formation","5/188","77/4543",0.21254291129928,0.976347674527972,0.961733102866761,"evm.model.tig082700000128.51/evm.model.tig082700000151.129/evm.model.tig082700000132.201/evm.model.tig082700000151.130/evm.model.tig082700000075.324",5
"ko00510","ko00510","N-Glycan biosynthesis","2/188","21/4543",0.214975634758452,0.976347674527972,0.961733102866761,"evm.model.tig082700000120.309/evm.model.tig082700000139.173",2
"ko05022","ko05022","Pathways of neurodegeneration - multiple diseases","23/188","470/4543",0.223796612957008,0.988009748962774,0.973220612208623,"evm.model.tig082700000283.9/evm.model.tig082700000071.488/evm.model.tig082700000427.5/evm.model.tig082700000287.13/evm.model.tig082700000151.102/evm.model.tig082700000195.82/evm.model.tig082700000140.131/evm.model.tig082700000122.178/evm.model.tig082700000132.75/evm.model.tig082700000195.84/evm.model.tig082700000208.26/evm.model.tig082700000106.123/evm.model.tig082700000178.20/evm.model.tig082700000225.1/evm.model.tig082700031372.128/evm.model.tig082700000149.260/evm.model.tig082700000128.206/evm.model.tig082700000127.248/evm.model.tig082700000219.37/evm.model.tig082700000106.405/evm.model.tig082700000322.41/evm.model.tig082700000187.99/evm.model.tig082700000106.247",23
"ko00970","ko00970","Aminoacyl-tRNA biosynthesis","4/188","59/4543",0.226607740587792,0.988009748962774,0.973220612208623,"evm.model.tig082700000140.246/evm.model.tig082700000160.19/evm.model.tig082700000208.31/evm.model.tig082700000075.393",4
"ko05160","ko05160","Hepatitis C","4/188","60/4543",0.235585736291852,0.999714551030211,0.984750209609672,"evm.model.tig082700000427.5/evm.model.tig082700000206.113/evm.model.tig082700000174.231/evm.model.tig082700002117.248",4
"ko03410","ko03410","Base excision repair","3/188","42/4543",0.250940365998723,0.999714551030211,0.984750209609672,"evm.model.tig082700002117.551/evm.model.tig082700000160.160/evm.model.tig082700000127.168",3
"ko00380","ko00380","Tryptophan metabolism","3/188","44/4543",0.273593906922282,0.999714551030211,0.984750209609672,"evm.model.tig082700000287.69/evm.model.tig082700000246.27/evm.model.tig082700000175.168",3
"ko00310","ko00310","Lysine degradation","3/188","46/4543",0.296454159447378,0.999714551030211,0.984750209609672,"evm.model.tig082700000287.69/evm.model.tig082700000246.27/evm.model.tig082700000175.168",3
"ko05168","ko05168","Herpes simplex virus 1 infection","4/188","67/4543",0.300405027206889,0.999714551030211,0.984750209609672,"evm.model.tig082700000427.5/evm.model.tig082700002115.34/evm.model.tig082700000169.31/evm.model.tig082700000305.12",4
"ko04214","ko04214","Apoptosis - fly","3/188","47/4543",0.307932085677266,0.999714551030211,0.984750209609672,"evm.model.tig082700000427.5/evm.model.tig082700000175.205/evm.model.tig082700000016.703",3
"ko00410","ko00410","beta-Alanine metabolism","2/188","27/4543",0.308259278639866,0.999714551030211,0.984750209609672,"evm.model.tig082700000287.69/evm.model.tig082700000246.27",2
"ko03020","ko03020","RNA polymerase","2/188","27/4543",0.308259278639866,0.999714551030211,0.984750209609672,"evm.model.tig082700000132.240/evm.model.tig082700000071.80",2
"ko05418","ko05418","Fluid shear stress and atherosclerosis","9/188","178/4543",0.315962336806169,0.999714551030211,0.984750209609672,"evm.model.tig082700000160.67/evm.model.tig082700000210.74/evm.model.tig082700000132.21/evm.model.tig082700000111.394/evm.model.tig082700000106.167/evm.model.tig082700000167.150/evm.model.tig082700000140.9/evm.model.tig082700000167.128/evm.model.tig082700000187.99",9
"ko00630","ko00630","Glyoxylate and dicarboxylate metabolism","2/188","28/4543",0.323718721174948,0.999714551030211,0.984750209609672,"evm.model.tig082700000127.112/evm.model.tig082700000175.168",2
"ko03013","ko03013","Nucleocytoplasmic transport","4/188","71/4543",0.338392535697937,0.999714551030211,0.984750209609672,"evm.model.tig082700000075.117/evm.model.tig082700000616.9/evm.model.tig082700000122.8/evm.model.tig082700000140.9",4
"ko04215","ko04215","Apoptosis - multiple species","1/188","10/4543",0.344959344905349,0.999714551030211,0.984750209609672,"evm.model.tig082700000427.5",1
"ko05152","ko05152","Tuberculosis","6/188","116/4543",0.347714044890665,0.999714551030211,0.984750209609672,"evm.model.tig082700000427.5/evm.model.tig082700000160.172/evm.model.tig082700000122.333/evm.model.tig082700031385.8/evm.model.tig082700000016.67/evm.model.tig082700000187.99",6
"ko05010","ko05010","Alzheimer disease","14/188","300/4543",0.359074961401221,0.999714551030211,0.984750209609672,"evm.model.tig082700000071.488/evm.model.tig082700000427.5/evm.model.tig082700000287.13/evm.model.tig082700000151.102/evm.model.tig082700000140.131/evm.model.tig082700000132.75/evm.model.tig082700000208.26/evm.model.tig082700000223.64/evm.model.tig082700000106.123/evm.model.tig082700000178.20/evm.model.tig082700000106.405/evm.model.tig082700000322.41/evm.model.tig082700000187.99/evm.model.tig082700000106.247",14
"ko04721","ko04721","Synaptic vesicle cycle","3/188","52/4543",0.365366171008138,0.999714551030211,0.984750209609672,"evm.model.tig082700000122.333/evm.model.tig082700002117.654/evm.model.tig082700000331.12",3
"ko04391","ko04391","Hippo signaling pathway - fly","2/188","31/4543",0.369494904382878,0.999714551030211,0.984750209609672,"evm.model.tig082700000206.113/evm.model.tig082700002117.248",2
"ko00010","ko00010","Glycolysis / Gluconeogenesis","3/188","54/4543",0.388178081110919,0.999714551030211,0.984750209609672,"evm.model.tig082700000136.101/evm.model.tig082700000287.69/evm.model.tig082700000223.64",3
"ko05202","ko05202","Transcriptional misregulation in cancer","2/188","33/4543",0.39933999335146,0.999714551030211,0.984750209609672,"evm.model.tig082700000151.129/evm.model.tig082700000151.192",2
"ko04621","ko04621","NOD-like receptor signaling pathway","6/188","124/4543",0.407765027381119,0.999714551030211,0.984750209609672,"evm.model.tig082700000238.87/evm.model.tig082700000210.74/evm.model.tig082700000111.394/evm.model.tig082700000178.158/evm.model.tig082700002117.248/evm.model.tig082700000071.549",6
"ko00627","ko00627","Aminobenzoate degradation","1/188","13/4543",0.423143222391039,0.999714551030211,0.984750209609672,"evm.model.tig082700000246.27",1
"ko05120","ko05120","Epithelial cell signaling in Helicobacter pylori infection","2/188","35/4543",0.428516554865352,0.999714551030211,0.984750209609672,"evm.model.tig082700000122.333/evm.model.tig082700000331.12",2
"ko03420","ko03420","Nucleotide excision repair","3/188","58/4543",0.433150171487686,0.999714551030211,0.984750209609672,"evm.model.tig082700000016.603/evm.model.tig082700000075.53/evm.model.tig082700000296.56",3
"ko04130","ko04130","SNARE interactions in vesicular transport","2/188","36/4543",0.442825937842036,0.999714551030211,0.984750209609672,"evm.model.tig082700000067.28/evm.model.tig082700000136.110",2
"ko04066","ko04066","HIF-1 signaling pathway","3/188","59/4543",0.444214944571608,0.999714551030211,0.984750209609672,"evm.model.tig082700000136.101/evm.model.tig082700000127.77/evm.model.tig082700000223.64",3
"ko04013","ko04013","MAPK signaling pathway - fly","3/188","60/4543",0.455195429217912,0.999714551030211,0.984750209609672,"evm.model.tig082700000113.70/evm.model.tig082700000444.14/evm.model.tig082700000616.9",3
"ko00730","ko00730","Thiamine metabolism","2/188","37/4543",0.456936751993489,0.999714551030211,0.984750209609672,"evm.model.tig082700000071.420/evm.model.tig082700000075.163",2
"ko05162","ko05162","Measles","3/188","61/4543",0.466085794277441,0.999714551030211,0.984750209609672,"evm.model.tig082700000427.5/evm.model.tig082700000113.294/evm.model.tig082700000174.231",3
"ko02024","ko02024","Quorum sensing","2/188","38/4543",0.470840883114763,0.999714551030211,0.984750209609672,"evm.model.tig082700000383.33/evm.model.tig082700000251.72",2
"ko05132","ko05132","Salmonella infection","8/188","181/4543",0.476801855293895,0.999714551030211,0.984750209609672,"evm.model.tig082700000071.488/evm.model.tig082700000427.5/evm.model.tig082700000210.74/evm.model.tig082700000111.394/evm.model.tig082700000113.70/evm.model.tig082700000223.64/evm.model.tig082700000127.170/evm.model.tig082700002120.81",8
"ko05131","ko05131","Shigellosis","9/188","205/4543",0.477439221903986,0.999714551030211,0.984750209609672,"evm.model.tig082700000427.5/evm.model.tig082700000151.129/evm.model.tig082700000113.70/evm.model.tig082700000195.82/evm.model.tig082700000444.14/evm.model.tig082700000195.84/evm.model.tig082700000155.34/evm.model.tig082700000310.5/evm.model.tig082700000128.206",9
"ko04657","ko04657","IL-17 signaling pathway","2/188","39/4543",0.484531220025015,0.999714551030211,0.984750209609672,"evm.model.tig082700000210.74/evm.model.tig082700000111.394",2
"ko04217","ko04217","Necroptosis","3/188","64/4543",0.498163276875069,0.999714551030211,0.984750209609672,"evm.model.tig082700000210.74/evm.model.tig082700000111.394/evm.model.tig082700000132.201",3
"ko04212","ko04212","Longevity regulating pathway - worm","6/188","138/4543",0.511106811988384,0.999714551030211,0.984750209609672,"evm.model.tig082700002117.551/evm.model.tig082700000106.167/evm.model.tig082700031385.8/evm.model.tig082700000016.67/evm.model.tig082700000160.160/evm.model.tig082700000127.168",6
"ko03030","ko03030","DNA replication","2/188","41/4543",0.511246675461418,0.999714551030211,0.984750209609672,"evm.model.tig082700000180.181/evm.model.tig082700000016.603",2
"ko00860","ko00860","Porphyrin metabolism","1/188","17/4543",0.513133885727792,0.999714551030211,0.984750209609672,"evm.model.tig082700000160.19",1
"ko05034","ko05034","Alcoholism","6/188","139/4543",0.51826949103889,0.999714551030211,0.984750209609672,"evm.model.tig082700000128.51/evm.model.tig082700000151.129/evm.model.tig082700000132.201/evm.model.tig082700000151.130/evm.model.tig082700000075.324/evm.model.tig082700000187.99",6
"ko05165","ko05165","Human papillomavirus infection","6/188","140/4543",0.52539238390125,0.999714551030211,0.984750209609672,"evm.model.tig082700000122.333/evm.model.tig082700000206.113/evm.model.tig082700000174.231/evm.model.tig082700000122.131/evm.model.tig082700000331.12/evm.model.tig082700000151.192",6
"ko05205","ko05205","Proteoglycans in cancer","7/188","165/4543",0.529314264634867,0.999714551030211,0.984750209609672,"evm.model.tig082700000162.22/evm.model.tig082700000127.77/evm.model.tig082700000160.67/evm.model.tig082700000132.21/evm.model.tig082700000393.9/evm.model.tig082700000167.150/evm.model.tig082700000167.128",7
"ko00053","ko00053","Ascorbate and aldarate metabolism","1/188","19/4543",0.552744813465596,0.999714551030211,0.984750209609672,"evm.model.tig082700000287.69",1
"ko04512","ko04512","ECM-receptor interaction","1/188","19/4543",0.552744813465596,0.999714551030211,0.984750209609672,"evm.model.tig082700000122.131",1
"ko05416","ko05416","Viral myocarditis","1/188","19/4543",0.552744813465596,0.999714551030211,0.984750209609672,"evm.model.tig082700000427.5",1
"ko04142","ko04142","Lysosome","8/188","194/4543",0.557063894296983,0.999714551030211,0.984750209609672,"evm.model.tig082700000160.67/evm.model.tig082700000132.21/evm.model.tig082700000301.10/evm.model.tig082700000160.172/evm.model.tig082700000122.333/evm.model.tig082700000016.37/evm.model.tig082700000167.150/evm.model.tig082700000167.128",8
"ko04151","ko04151","PI3K-Akt signaling pathway","6/188","145/4543",0.56035140565645,0.999714551030211,0.984750209609672,"evm.model.tig082700000127.77/evm.model.tig082700000210.74/evm.model.tig082700000111.394/evm.model.tig082700000206.113/evm.model.tig082700000122.131/evm.model.tig082700002117.248",6
"ko00030","ko00030","Pentose phosphate pathway","1/188","20/4543",0.571331014851199,0.999714551030211,0.984750209609672,"evm.model.tig082700000140.218",1
"ko00790","ko00790","Folate biosynthesis","2/188","46/4543",0.573960795231279,0.999714551030211,0.984750209609672,"evm.model.tig082700000071.420/evm.model.tig082700000075.163",2
"ko04340","ko04340","Hedgehog signaling pathway","2/188","47/4543",0.58578429343368,0.999714551030211,0.984750209609672,"evm.model.tig082700000155.34/evm.model.tig082700000128.107",2
"ko05215","ko05215","Prostate cancer","2/188","47/4543",0.58578429343368,0.999714551030211,0.984750209609672,"evm.model.tig082700000210.74/evm.model.tig082700000111.394",2
"ko04626","ko04626","Plant-pathogen interaction","4/188","99/4543",0.591906958026749,0.999714551030211,0.984750209609672,"evm.model.tig082700000210.74/evm.model.tig082700000111.394/evm.model.tig082700000122.341/evm.model.tig082700000187.99",4
"ko05222","ko05222","Small cell lung cancer","2/188","48/4543",0.597365051357923,0.999714551030211,0.984750209609672,"evm.model.tig082700000427.5/evm.model.tig082700000122.131",2
"ko00900","ko00900","Terpenoid backbone biosynthesis","1/188","22/4543",0.606229727826447,0.999714551030211,0.984750209609672,"evm.model.tig082700000175.168",1
"ko01040","ko01040","Biosynthesis of unsaturated fatty acids","1/188","22/4543",0.606229727826447,0.999714551030211,0.984750209609672,"evm.model.tig082700000279.44",1
"ko03060","ko03060","Protein export","1/188","22/4543",0.606229727826447,0.999714551030211,0.984750209609672,"evm.model.tig082700000175.38",1
"ko00620","ko00620","Pyruvate metabolism","2/188","49/4543",0.608702808785737,0.999714551030211,0.984750209609672,"evm.model.tig082700000287.69/evm.model.tig082700000175.168",2
"ko00270","ko00270","Cysteine and methionine metabolism","2/188","50/4543",0.619797740411942,0.999714551030211,0.984750209609672,"evm.model.tig082700000381.16/evm.model.tig082700000120.45",2
"ko00920","ko00920","Sulfur metabolism","1/188","23/4543",0.62260416073258,0.999714551030211,0.984750209609672,"evm.model.tig082700000178.137",1
"ko03022","ko03022","Basal transcription factors","1/188","23/4543",0.62260416073258,0.999714551030211,0.984750209609672,"evm.model.tig082700000296.56",1
"ko00330","ko00330","Arginine and proline metabolism","2/188","51/4543",0.630650420661507,0.999714551030211,0.984750209609672,"evm.model.tig082700000287.69/evm.model.tig082700000400.23",2
"ko05169","ko05169","Epstein-Barr virus infection","3/188","79/4543",0.64203770212806,0.999714551030211,0.984750209609672,"evm.model.tig082700000427.5/evm.model.tig082700000208.26/evm.model.tig082700000151.192",3
"ko00062","ko00062","Fatty acid elongation","1/188","25/4543",0.653348596115091,0.999714551030211,0.984750209609672,"evm.model.tig082700000246.27",1
"ko00340","ko00340","Histidine metabolism","1/188","25/4543",0.653348596115091,0.999714551030211,0.984750209609672,"evm.model.tig082700000287.69",1
"ko04141","ko04141","Protein processing in endoplasmic reticulum","5/188","134/4543",0.658051919896992,0.999714551030211,0.984750209609672,"evm.model.tig082700000210.74/evm.model.tig082700000111.394/evm.model.tig082700000113.294/evm.model.tig082700000444.14/evm.model.tig082700000322.59",5
"ko05145","ko05145","Toxoplasmosis","3/188","82/4543",0.66709579744452,0.999714551030211,0.984750209609672,"evm.model.tig082700000427.5/evm.model.tig082700000113.294/evm.model.tig082700000122.131",3
"ko00511","ko00511","Other glycan degradation","1/188","27/4543",0.681600682321316,0.999714551030211,0.984750209609672,"evm.model.tig082700000071.537",1
"ko05142","ko05142","Chagas disease","1/188","28/4543",0.694855569771182,0.999714551030211,0.984750209609672,"evm.model.tig082700000206.113",1
"ko05221","ko05221","Acute myeloid leukemia","1/188","28/4543",0.694855569771182,0.999714551030211,0.984750209609672,"evm.model.tig082700000151.192",1
"ko05161","ko05161","Hepatitis B","2/188","60/4543",0.717676647292495,0.999714551030211,0.984750209609672,"evm.model.tig082700000427.5/evm.model.tig082700000151.192",2
"ko05417","ko05417","Lipid and atherosclerosis","6/188","171/4543",0.719375587781475,0.999714551030211,0.984750209609672,"evm.model.tig082700000427.5/evm.model.tig082700000210.74/evm.model.tig082700000111.394/evm.model.tig082700000113.294/evm.model.tig082700000016.67/evm.model.tig082700000187.99",6
"ko04914","ko04914","Progesterone-mediated oocyte maturation","3/188","91/4543",0.734545555513895,0.999714551030211,0.984750209609672,"evm.model.tig082700000210.74/evm.model.tig082700000111.394/evm.model.tig082700000151.192",3
"ko04071","ko04071","Sphingolipid signaling pathway","3/188","92/4543",0.74133560157766,0.999714551030211,0.984750209609672,"evm.model.tig082700000160.172/evm.model.tig082700000206.113/evm.model.tig082700000407.6",3
"ko05164","ko05164","Influenza A","2/188","63/4543",0.742612406554736,0.999714551030211,0.984750209609672,"evm.model.tig082700000427.5/evm.model.tig082700000174.231",2
"ko04915","ko04915","Estrogen signaling pathway","5/188","149/4543",0.746860165987122,0.999714551030211,0.984750209609672,"evm.model.tig082700000210.74/evm.model.tig082700000111.394/evm.model.tig082700000113.294/evm.model.tig082700000160.172/evm.model.tig082700000187.99",5
"ko00983","ko00983","Drug metabolism - other enzymes","2/188","66/4543",0.765649859829935,0.999714551030211,0.984750209609672,"evm.model.tig082700002117.291/evm.model.tig082700000106.167",2
"ko00480","ko00480","Glutathione metabolism","2/188","67/4543",0.772923587850286,0.999714551030211,0.984750209609672,"evm.model.tig082700000187.56/evm.model.tig082700000106.167",2
"ko04962","ko04962","Vasopressin-regulated water reabsorption","2/188","67/4543",0.772923587850286,0.999714551030211,0.984750209609672,"evm.model.tig082700002117.654/evm.model.tig082700000127.170",2
"ko04115","ko04115","p53 signaling pathway","1/188","35/4543",0.773472161597393,0.999714551030211,0.984750209609672,"evm.model.tig082700000427.5",1
"ko01240","ko01240","Biosynthesis of cofactors","6/188","183/4543",0.777838300525254,0.999714551030211,0.984750209609672,"evm.model.tig082700000071.420/evm.model.tig082700002117.291/evm.model.tig082700000075.34/evm.model.tig082700000160.19/evm.model.tig082700000120.45/evm.model.tig082700000075.163",6
"ko03430","ko03430","Mismatch repair","1/188","36/4543",0.782919196561832,0.999714551030211,0.984750209609672,"evm.model.tig082700000016.603",1
"ko05207","ko05207","Chemical carcinogenesis - receptor activation","3/188","99/4543",0.785083514381275,0.999714551030211,0.984750209609672,"evm.model.tig082700000210.74/evm.model.tig082700000111.394/evm.model.tig082700000106.167",3
"ko04016","ko04016","MAPK signaling pathway - plant","2/188","70/4543",0.793579875332922,0.999714551030211,0.984750209609672,"evm.model.tig082700002117.291/evm.model.tig082700000187.99",2
"ko05130","ko05130","Pathogenic Escherichia coli infection","4/188","130/4543",0.794365526509564,0.999714551030211,0.984750209609672,"evm.model.tig082700000071.488/evm.model.tig082700000427.5/evm.model.tig082700000223.64/evm.model.tig082700031372.128",4
"ko03008","ko03008","Ribosome biogenesis in eukaryotes","2/188","71/4543",0.80008948226561,0.999714551030211,0.984750209609672,"evm.model.tig082700031372.161/evm.model.tig082700000184.65",2
"ko00600","ko00600","Sphingolipid metabolism","1/188","39/4543",0.808972553596703,0.999714551030211,0.984750209609672,"evm.model.tig082700000407.6",1
"ko05110","ko05110","Vibrio cholerae infection","2/188","73/4543",0.812567617932688,0.999714551030211,0.984750209609672,"evm.model.tig082700000122.333/evm.model.tig082700000331.12",2
"ko03440","ko03440","Homologous recombination","1/188","40/4543",0.81694616814462,0.999714551030211,0.984750209609672,"evm.model.tig082700000016.603",1
"ko05017","ko05017","Spinocerebellar ataxia","5/188","164/4543",0.81753654930233,0.999714551030211,0.984750209609672,"evm.model.tig082700000427.5/evm.model.tig082700000132.75/evm.model.tig082700000208.26/evm.model.tig082700000106.405/evm.model.tig082700000322.41",5
"ko05167","ko05167","Kaposi sarcoma-associated herpesvirus infection","5/188","164/4543",0.81753654930233,0.999714551030211,0.984750209609672,"evm.model.tig082700000427.5/evm.model.tig082700000195.82/evm.model.tig082700000195.84/evm.model.tig082700000128.206/evm.model.tig082700000187.99",5
"ko04920","ko04920","Adipocytokine signaling pathway","2/188","74/4543",0.818543720640807,0.999714551030211,0.984750209609672,"evm.model.tig082700000383.33/evm.model.tig082700000251.72",2
"ko01521","ko01521","EGFR tyrosine kinase inhibitor resistance","1/188","41/4543",0.8245886554617,0.999714551030211,0.984750209609672,"evm.model.tig082700000127.77",1
"ko04710","ko04710","Circadian rhythm","1/188","41/4543",0.8245886554617,0.999714551030211,0.984750209609672,"evm.model.tig082700000155.34",1
"ko04727","ko04727","GABAergic synapse","1/188","41/4543",0.8245886554617,0.999714551030211,0.984750209609672,"evm.model.tig082700002117.654",1
"ko00260","ko00260","Glycine, serine and threonine metabolism","1/188","43/4543",0.838934408155176,0.999714551030211,0.984750209609672,"evm.model.tig082700000287.69",1
"ko03460","ko03460","Fanconi anemia pathway","1/188","43/4543",0.838934408155176,0.999714551030211,0.984750209609672,"evm.model.tig082700000016.603",1
"ko05204","ko05204","Chemical carcinogenesis - DNA adducts","1/188","43/4543",0.838934408155176,0.999714551030211,0.984750209609672,"evm.model.tig082700000106.167",1
"ko05210","ko05210","Colorectal cancer","1/188","43/4543",0.838934408155176,0.999714551030211,0.984750209609672,"evm.model.tig082700000427.5",1
"ko00240","ko00240","Pyrimidine metabolism","1/188","45/4543",0.852112645234627,0.999714551030211,0.984750209609672,"evm.model.tig082700002117.291",1
"ko00980","ko00980","Metabolism of xenobiotics by cytochrome P450","1/188","45/4543",0.852112645234627,0.999714551030211,0.984750209609672,"evm.model.tig082700000106.167",1
"ko04350","ko04350","TGF-beta signaling pathway","1/188","45/4543",0.852112645234627,0.999714551030211,0.984750209609672,"evm.model.tig082700000206.113",1
"ko05230","ko05230","Central carbon metabolism in cancer","1/188","45/4543",0.852112645234627,0.999714551030211,0.984750209609672,"evm.model.tig082700000187.56",1
"ko00982","ko00982","Drug metabolism - cytochrome P450","1/188","47/4543",0.864217917109603,0.999714551030211,0.984750209609672,"evm.model.tig082700000106.167",1
"ko01524","ko01524","Platinum drug resistance","2/188","83/4543",0.865113513070421,0.999714551030211,0.984750209609672,"evm.model.tig082700000427.5/evm.model.tig082700000106.167",2
"ko01110","ko01110","Biosynthesis of secondary metabolites","14/188","431/4543",0.866799526144256,0.999714551030211,0.984750209609672,"evm.model.tig082700000136.101/evm.model.tig082700002117.291/evm.model.tig082700000140.218/evm.model.tig082700000136.294/evm.model.tig082700000187.56/evm.model.tig082700000180.36/evm.model.tig082700000287.69/evm.model.tig082700000127.112/evm.model.tig082700000246.27/evm.model.tig082700000223.64/evm.model.tig082700000160.19/evm.model.tig082700000120.45/evm.model.tig082700000175.168/evm.model.tig082700000106.247",14
"ko00561","ko00561","Glycerolipid metabolism","1/188","49/4543",0.875337154925673,0.999714551030211,0.984750209609672,"evm.model.tig082700000287.69",1
"ko04152","ko04152","AMPK signaling pathway","3/188","124/4543",0.894345666124974,0.999714551030211,0.984750209609672,"evm.model.tig082700000258.86/evm.model.tig082700000206.113/evm.model.tig082700000151.192",3
"ko00051","ko00051","Fructose and mannose metabolism","1/188","53/4543",0.89493077354385,0.999714551030211,0.984750209609672,"evm.model.tig082700000140.218",1
"ko04144","ko04144","Endocytosis","4/188","157/4543",0.897089577330179,0.999714551030211,0.984750209609672,"evm.model.tig082700000113.294/evm.model.tig082700002115.33/evm.model.tig082700000140.36/evm.model.tig082700000156.203",4
"ko04341","ko04341","Hedgehog signaling pathway - fly","1/188","54/4543",0.899330108638228,0.999714551030211,0.984750209609672,"evm.model.tig082700000155.34",1
"ko04728","ko04728","Dopaminergic synapse","4/188","158/4543",0.899835253292848,0.999714551030211,0.984750209609672,"evm.model.tig082700000127.292/evm.model.tig082700000127.291/evm.model.tig082700000206.113/evm.model.tig082700000187.99",4
"ko04744","ko04744","Phototransduction","1/188","55/4543",0.903546178938075,0.999714551030211,0.984750209609672,"evm.model.tig082700000187.99",1
"ko04015","ko04015","Rap1 signaling pathway","2/188","93/4543",0.903881882317796,0.999714551030211,0.984750209609672,"evm.model.tig082700000113.70/evm.model.tig082700000187.99",2
"ko05200","ko05200","Pathways in cancer","7/188","254/4543",0.91011002250239,0.999714551030211,0.984750209609672,"evm.model.tig082700000427.5/evm.model.tig082700000210.74/evm.model.tig082700000111.394/evm.model.tig082700000106.167/evm.model.tig082700000122.131/evm.model.tig082700000187.99/evm.model.tig082700000151.192",7
"ko04722","ko04722","Neurotrophin signaling pathway","2/188","97/4543",0.916268766937071,0.999714551030211,0.984750209609672,"evm.model.tig082700002117.248/evm.model.tig082700000187.99",2
"ko02010","ko02010","ABC transporters","2/188","98/4543",0.919123747928672,0.999714551030211,0.984750209609672,"evm.model.tig082700000353.42/evm.model.tig082700000192.128",2
"ko04723","ko04723","Retrograde endocannabinoid signaling","2/188","98/4543",0.919123747928672,0.999714551030211,0.984750209609672,"evm.model.tig082700000106.123/evm.model.tig082700000178.20",2
"ko04110","ko04110","Cell cycle","2/188","99/4543",0.921887464084288,0.999714551030211,0.984750209609672,"evm.model.tig082700002117.248/evm.model.tig082700000151.192",2
"ko04530","ko04530","Tight junction","2/188","101/4543",0.927151493750565,0.999714551030211,0.984750209609672,"evm.model.tig082700000071.488/evm.model.tig082700000206.113",2
"ko04730","ko04730","Long-term depression","1/188","64/4543",0.934399462460786,0.999714551030211,0.984750209609672,"evm.model.tig082700000206.113",1
"ko03250","ko03250","Viral life cycle - HIV-1","2/188","106/4543",0.938890195383922,0.999714551030211,0.984750209609672,"evm.model.tig082700000174.231/evm.model.tig082700000251.8",2
"ko04261","ko04261","Adrenergic signaling in cardiomyocytes","2/188","110/4543",0.946970777009664,0.999714551030211,0.984750209609672,"evm.model.tig082700000206.113/evm.model.tig082700000187.99",2
"ko05143","ko05143","African trypanosomiasis","1/188","70/4543",0.949288280733515,0.999714551030211,0.984750209609672,"evm.model.tig082700000253.54",1
"ko05133","ko05133","Pertussis","1/188","71/4543",0.951419692140199,0.999714551030211,0.984750209609672,"evm.model.tig082700000187.99",1
"ko05166","ko05166","Human T-cell leukemia virus 1 infection","2/188","113/4543",0.952355231783268,0.999714551030211,0.984750209609672,"evm.model.tig082700000292.69/evm.model.tig082700000151.192",2
"ko01232","ko01232","Nucleotide metabolism","1/188","72/4543",0.95346197699656,0.999714551030211,0.984750209609672,"evm.model.tig082700002117.291",1
"ko04113","ko04113","Meiosis - yeast","1/188","75/4543",0.959090389230128,0.999714551030211,0.984750209609672,"evm.model.tig082700000206.113",1
"ko04011","ko04011","MAPK signaling pathway - yeast","1/188","79/4543",0.965555321571574,0.999714551030211,0.984750209609672,"evm.model.tig082700002117.248",1
"ko04213","ko04213","Longevity regulating pathway - multiple species","1/188","79/4543",0.965555321571574,0.999714551030211,0.984750209609672,"evm.model.tig082700000113.294",1
"ko00230","ko00230","Purine metabolism","1/188","85/4543",0.973396487358236,0.999714551030211,0.984750209609672,"evm.model.tig082700002117.291",1
"ko04936","ko04936","Alcoholic liver disease","1/188","85/4543",0.973396487358236,0.999714551030211,0.984750209609672,"evm.model.tig082700000287.69",1
"ko04114","ko04114","Oocyte meiosis","4/188","204/4543",0.973567397442451,0.999714551030211,0.984750209609672,"evm.model.tig082700000206.113/evm.model.tig082700000155.34/evm.model.tig082700002117.248/evm.model.tig082700000187.99",4
"ko04373","ko04373",NA,"1/188","86/4543",0.974518394127337,0.999714551030211,0.984750209609672,"evm.model.tig082700000187.99",1
"ko05225","ko05225","Hepatocellular carcinoma","1/188","86/4543",0.974518394127337,0.999714551030211,0.984750209609672,"evm.model.tig082700000106.167",1
"ko04310","ko04310","Wnt signaling pathway","1/188","87/4543",0.975593229645412,0.999714551030211,0.984750209609672,"evm.model.tig082700000155.34",1
"ko04745","ko04745","Phototransduction - fly","1/188","89/4543",0.977609464629755,0.999714551030211,0.984750209609672,"evm.model.tig082700000187.99",1
"ko04810","ko04810","Regulation of actin cytoskeleton","1/188","89/4543",0.977609464629755,0.999714551030211,0.984750209609672,"evm.model.tig082700000113.70",1
"ko04540","ko04540","Gap junction","1/188","92/4543",0.980327321386697,0.999714551030211,0.984750209609672,"evm.model.tig082700000071.488",1
"ko04928","ko04928","Parathyroid hormone synthesis, secretion and action","1/188","92/4543",0.980327321386697,0.999714551030211,0.984750209609672,"evm.model.tig082700000223.17",1
"ko04740","ko04740","Olfactory transduction","1/188","94/4543",0.981954261080414,0.999714551030211,0.984750209609672,"evm.model.tig082700000187.99",1
"ko05031","ko05031","Amphetamine addiction","1/188","96/4543",0.983447308582759,0.999714551030211,0.984750209609672,"evm.model.tig082700000187.99",1
"ko05140","ko05140","Leishmaniasis","1/188","96/4543",0.983447308582759,0.999714551030211,0.984750209609672,"evm.model.tig082700000075.117",1
"ko04218","ko04218","Cellular senescence","3/188","185/4543",0.985110515838852,0.999714551030211,0.984750209609672,"evm.model.tig082700000155.34/evm.model.tig082700000187.99/evm.model.tig082700000151.192",3
"ko04510","ko04510","Focal adhesion","1/188","99/4543",0.985459571236469,0.999714551030211,0.984750209609672,"evm.model.tig082700000122.131",1
"ko04140","ko04140","Autophagy - animal","6/188","297/4543",0.986986120283708,0.999714551030211,0.984750209609672,"evm.model.tig082700000160.67/evm.model.tig082700000132.21/evm.model.tig082700000160.172/evm.model.tig082700000167.150/evm.model.tig082700031372.128/evm.model.tig082700000167.128",6
"ko05170","ko05170","Human immunodeficiency virus 1 infection","3/188","189/4543",0.987015352686436,0.999714551030211,0.984750209609672,"evm.model.tig082700000427.5/evm.model.tig082700000155.34/evm.model.tig082700000187.99",3
"ko04150","ko04150","mTOR signaling pathway","2/188","154/4543",0.989511610640817,0.999714551030211,0.984750209609672,"evm.model.tig082700000127.77/evm.model.tig082700000331.12",2
"ko04111","ko04111","Cell cycle - yeast","1/188","109/4543",0.990566814782189,0.999714551030211,0.984750209609672,"evm.model.tig082700000206.113",1
"ko04625","ko04625","C-type lectin receptor signaling pathway","1/188","110/4543",0.990966778431479,0.999714551030211,0.984750209609672,"evm.model.tig082700000187.99",1
"ko04916","ko04916","Melanogenesis","1/188","110/4543",0.990966778431479,0.999714551030211,0.984750209609672,"evm.model.tig082700000187.99",1
"ko05214","ko05214","Glioma","1/188","111/4543",0.991349870165041,0.999714551030211,0.984750209609672,"evm.model.tig082700000187.99",1
"ko04138","ko04138","Autophagy - yeast","2/188","166/4543",0.993363393860116,0.999714551030211,0.984750209609672,"evm.model.tig082700000016.654/evm.model.tig082700002117.654",2
"ko04010","ko04010","MAPK signaling pathway","1/188","118/4543",0.993615002328289,0.999714551030211,0.984750209609672,"evm.model.tig082700000113.294",1
"ko04750","ko04750","Inflammatory mediator regulation of TRP channels","1/188","120/4543",0.994146080238656,0.999714551030211,0.984750209609672,"evm.model.tig082700000187.99",1
"ko05163","ko05163","Human cytomegalovirus infection","2/188","172/4543",0.994731870218283,0.999714551030211,0.984750209609672,"evm.model.tig082700000427.5/evm.model.tig082700000187.99",2
"ko04971","ko04971","Gastric acid secretion","1/188","124/4543",0.995079984178778,0.999714551030211,0.984750209609672,"evm.model.tig082700000187.99",1
"ko04924","ko04924","Renin secretion","1/188","130/4543",0.996210210549318,0.999714551030211,0.984750209609672,"evm.model.tig082700000187.99",1
"ko04014","ko04014","Ras signaling pathway","1/188","131/4543",0.996371660904344,0.999714551030211,0.984750209609672,"evm.model.tig082700000187.99",1
"ko04970","ko04970","Salivary secretion","1/188","131/4543",0.996371660904344,0.999714551030211,0.984750209609672,"evm.model.tig082700000187.99",1
"ko04713","ko04713","Circadian entrainment","1/188","134/4543",0.996816096199954,0.999714551030211,0.984750209609672,"evm.model.tig082700000187.99",1
"ko05146","ko05146","Amoebiasis","1/188","135/4543",0.996951858031301,0.999714551030211,0.984750209609672,"evm.model.tig082700000122.131",1
"ko04720","ko04720","Long-term potentiation","1/188","136/4543",0.997081860456464,0.999714551030211,0.984750209609672,"evm.model.tig082700000187.99",1
"ko04912","ko04912","GnRH signaling pathway","1/188","140/4543",0.997548987120545,0.999714551030211,0.984750209609672,"evm.model.tig082700000187.99",1
"ko04022","ko04022","cGMP-PKG signaling pathway","1/188","154/4543",0.998670681906036,0.999714551030211,0.984750209609672,"evm.model.tig082700000187.99",1
"ko04070","ko04070","Phosphatidylinositol signaling system","1/188","154/4543",0.998670681906036,0.999714551030211,0.984750209609672,"evm.model.tig082700000187.99",1
"ko04910","ko04910","Insulin signaling pathway","2/188","208/4543",0.998715571448737,0.999714551030211,0.984750209609672,"evm.model.tig082700000127.77/evm.model.tig082700000187.99",2
"ko04925","ko04925","Aldosterone synthesis and secretion","1/188","156/4543",0.998782136293252,0.999714551030211,0.984750209609672,"evm.model.tig082700000187.99",1
"ko04270","ko04270","Vascular smooth muscle contraction","1/188","160/4543",0.99897791964479,0.999714551030211,0.984750209609672,"evm.model.tig082700000187.99",1
"ko04922","ko04922","Glucagon signaling pathway","1/188","171/4543",0.999369324660305,0.999714551030211,0.984750209609672,"evm.model.tig082700000187.99",1
"ko04921","ko04921","Oxytocin signaling pathway","2/188","228/4543",0.999423419651807,0.999714551030211,0.984750209609672,"evm.model.tig082700000258.86/evm.model.tig082700000187.99",2
"ko04020","ko04020","Calcium signaling pathway","1/188","187/4543",0.999688216376807,0.999714551030211,0.984750209609672,"evm.model.tig082700000187.99",1
"ko04024","ko04024","cAMP signaling pathway","1/188","189/4543",0.999714551030211,0.999714551030211,0.984750209609672,"evm.model.tig082700000187.99",1
